"V1";"V2";"V3";"V4";"V5";"V6";"V7";"V8";"V9";"V10";"V11"
"1";0.022233920625104;0.162831614267783;0.0568015946619085;0.0836990020626688;0.060057388330012;0.124256077044962;0.0931606689897269;0.156795600260542;0.141945680484548;0.125918261061858;0.108850919666899
"2";0.0714787569201739;0.1715499225091;0.0870650250296228;0.105937134557118;0.0644100181227678;0.0902830643216796;0.106593053047154;0.180985591001535;0.327032347663758;0.26004670941425;0.134814420540777
"3";0.0673044380431498;0.138908834162645;0.0934961696807707;0.102488884359993;0.0562149879684545;0.118265010695336;0.0819070839114129;0.142823892117002;0.364079587710902;0.112544010270181;0.117403714754452
"4";0.0532709870441263;0.0459441046848393;0.0657208249983504;0.059664045652701;0.0851594825261945;0.111816878076947;0.0501213686716723;0.183479632381367;0.28417643015615;0.109509663663848;0.146599441020842
"5";0.0439794935091329;0.0545323564090234;0.0558678238126591;0.0509109419407238;0.0746018759283312;0.0941571402249609;0.0391965763545992;0.224111848468624;NA;0.0376018266761496;0.0905448221897485
"6";0.0569925863723854;0.127871803647862;0.0699600731954997;0.0605752239179121;0.0797248893366853;0.173227855646744;0.0802398641077792;0.0988470916163186;0.415850967426723;0.113682835281522;0.0947378350473659
"7";0.0264008180241203;0.0575956258120942;0.057654030890849;0.104663953741619;0.0587488940496287;0.158862026062637;0.127417023211558;0.120609584177394;0.0766064729240711;0.112010004843503;0.061975263407524
"8";0.0657904709931393;0.0920383588993572;0.106662596794669;0.139001069018643;0.147166564008743;0.156276824921958;0.166116928990243;0.207400447859061;0.652101342899789;0.141569345070314;0.0929983620833282
"9";0.0320785336269412;0.224194940238932;0.0841498935509194;0.109373243399756;0.137401599756837;0.326084177615962;0.300250807370476;0.186578498382486;0.177173715323983;0.192742948562381;0.0991792352329559
"10";0.0985387243486021;0.113550968004264;0.151095643053958;0.145153932371625;0.232199058902595;0.136867902533361;0.0919683454700863;0.38653493906251;0.405913022279401;0.173547510288186;0.259723261445677
"11";0.103865485110967;0.0840882913321681;0.132618579914207;0.127091341917593;0.151455227536091;0.0926675763776745;0.12369475048328;0.645274353868129;0.337243725827991;0.185542804092669;0.306446906510676
"12";0.156553173420416;0.0765342984587337;0.177574533518323;0.172922017688222;0.173599262668512;0.122159552485183;0.100919083712064;0.420134768835273;0.437076234761101;0.277489073514732;0.323757559596899
"13";0.0626321707858593;0.138468192000808;0.0881243146113128;0.110549752727754;0.0947276976185502;0.0794978250626315;0.0822090419520121;0.175466160977612;0.442781820277269;0.16624271198653;0.153477750449742
"14";0.0611138243408857;0.119245602811242;0.0747200754245417;0.0659291425131579;0.073687535487103;0.151461608654651;0.0636193488948618;0.180948001982743;0.232228313207306;0.184955055562553;0.18464720330498
"15";0.0460411089936057;0.142703441730697;0.0606094675686148;0.0676682689889184;0.0595040842139343;0.14717454773808;0.0726407869063844;0.136283074327799;0.212917367479079;0.0736910663663001;0.111943221103399
"16";0.0959158222658497;0.263671424440531;0.142333402377332;0.146360147321542;0.235868326566724;0.204949040801486;0.152652284532191;0.220968431827248;0.202436959089447;0.522449974347767;0.147085146302486
"17";0.033812587957436;0.149583813423178;0.0884078989576091;0.0646640290379387;0.124579794186657;0.262331735428189;0.144862499330147;0.149442095238995;0.107622665905583;0.120729942819315;0.0887879529486526
"18";0.115185929793438;0.245936298599714;0.144252204209804;0.144268214269714;0.196364596661899;0.192643849484698;0.110484959241518;0.367329866730431;0.168738574338108;0.636009235129561;0.16211302456847
"19";0.0641465453186498;0.0793411801129871;0.0778342161385397;0.0773436267708795;0.0679735776251108;0.0897719908769021;0.0572887024032872;0.156389780832548;0.345967122755856;0.224791391958855;0.215332416159294
"20";0.0540073420794785;0.0281701339922583;0.0767415956827383;0.0629235325884429;0.138568184105251;0.120873362831357;0.0634822176392268;0.104614867555981;0.304288279962369;0.176585121550244;0.213647805353833
"21";0.104022124836748;0.0894786454569478;0.104355294418391;0.123843020168583;0.0506814659703985;0.10752092595334;0.0664240780048295;0.200241485042323;0.400370711712267;0.588408614716181;0.15057107947988
"22";0.0477278250283801;0.0961657723746063;0.075553282023568;0.0807962926045702;0.152922549281953;0.0856922138177197;0.111911723621863;0.195597975081305;0.480939658147116;0.10124087859132;0.210769242394546
"23";0.0131577261069644;0.0385995064647362;0.0258667373716705;0.0462225354012792;0.105906006100441;0.0835715668044321;0.0965297269689724;0.126190862799934;NA;0.101058781026062;0.106920612978254
"24";0.0134387026037084;0.179809362536804;0.0214613019349658;0.0223540341553503;0.11154057896713;0.0368944695483778;0.104995004083604;0.0764648556600288;NA;0.0942765457383592;0.109859360657173
"25";0.0327136844526332;0.08709970670467;0.0427714388424377;0.0510467023169052;0.0548197528845129;0.0762579329662671;0.0436680921778851;0.105088237011065;NA;0.20842003734304;0.237687471674299
"26";0.0419490697385974;0.0726554752935273;0.0554852287354803;0.0571643350830335;0.061874894752739;0.0904592597490475;0.0475119856510723;0.123098424744501;0.208628172986403;0.0597548907182535;0.180562187794274
"27";0.0149859644334391;0.0830672174113066;0.0223320549723263;0.0290972753877579;0.082173398014995;0.0745467593241113;0.0263360120434199;0.0971674090515853;NA;0.0134882468290547;0.100117427155217
"28";0.0485890611910728;0.0536932915105057;0.0507558371994814;0.0644029895033881;0.0378960873619445;0.0464186248679755;0.0430542304620626;0.152172470273004;NA;0.170245473914179;0.266363461862704
"29";0.0201577664752381;0.0995734175312742;0.0260979638703088;0.0358706733248701;0.123025434938213;0.115537545140579;0.068177156427998;0.102503329919237;NA;0.162271991087685;0.268455037205338
"30";0.035972175256126;0.0494160975394265;0.0387155829234313;0.0439063288412706;0.0607207228562527;0.0506312769419827;0.0483025210101029;0.106829492108186;NA;0.0930592567656042;0.188689742861216
"31";0.055583838298907;0.133392691438416;0.0697011944378739;0.0977907332629957;0.0661120166553832;0.123181406819424;0.127089986997001;0.141963880857588;0.369819953793126;0.143671690365162;0.1166029004205
"32";0.0295161827585664;0.0446413428415473;0.0596324981847118;0.115836736741772;0.0584360530236889;0.227274308434856;0.097829088548703;0.0897435437257689;0.0718991358351103;0.0470054441134104;0.0507442796047958
"33";0.0496158775825787;0.0969898124027731;0.0828935329414223;0.136018732655579;0.0714921560334132;0.243123236063541;0.122377175888005;0.123270352805443;0.458507712707928;0.0544256370788002;0.0711446842316889
"34";0.0321837069595873;0.102273470358338;0.0701433373790851;0.0548458563919344;0.123401489280037;0.312341408242651;0.200439830837504;0.0585460744836025;NA;0.0210647761360921;0.089706500380491
"35";0.0377120745133078;0.0522093559394515;0.0560630719264091;0.0358858029926453;0.118788246575053;0.296002964842402;0.14871119878166;0.0839144568067587;NA;0.0692831500709657;0.105386289044239
"36";0.0489587949935231;0.143411696544004;0.0718025375505053;0.0852114798280895;0.0653018284497258;0.157651337648147;0.114551600962324;0.140230340468618;NA;0.165327592772297;0.215116537299098
"37";0.0197774357196066;0.0869528053118665;0.030325134055542;0.0529140364399173;0.107095024262676;0.136830008994938;0.101627667249549;0.100611831667841;NA;0.0449933466395915;0.12938344669146
"38";0.0812331979443969;0.172828134954863;0.0624316164959709;0.0787817178296583;0.192325900661537;0.100415955236642;0.233584248369581;0.0943996563268981;0.126858881179233;0.0930156087331678;0.148194260493646
"39";0.0184564293069274;0.0951962363692977;0.0335955299697531;0.0524293405971095;0.0962589556094072;0.101170402608935;0.122277361292954;0.119064014357981;NA;0.0492315461373684;0.0995919468790843
"40";0.106820884620788;0.0947433341902248;0.147259279039749;0.0809874856976491;0.175267121365214;0.125076268258848;0.163331549795773;0.162628770757464;0.298289363681563;0.316857280871163;0.273711096535577
"41";0.0827631710847345;0.158972881689907;0.11615830684833;0.142825186552666;0.075887602590268;0.194063656856299;0.102720746751848;0.146678246114156;0.424343394653058;0.183684388633535;0.177518470729113
"42";0.0598122869156085;0.1625397446611;0.084081445458466;0.10056890408657;0.0603515971990711;0.129635216340169;0.0954018192636941;0.135316603641864;0.353421241047047;0.065207183314832;0.110884685314761
"43";0.0268445743481428;0.0710872845188448;0.0458835319171687;0.0546859800733851;0.0521991631399046;0.126387424317382;0.0450729076186535;0.190805114866095;NA;0.145578109313068;0.110821715845742
"44";0.0185158296270042;0.0415695988612514;0.0348647906341472;0.0720458285751725;0.0353143086706382;0.0898380073461413;0.0810153546914771;0.0870781224716446;0.0598622887633451;0.0331399229612007;0.0490653884916118
"45";0.0249826583178919;0.0688322373463282;0.0490536485057508;0.0543959255699753;0.0474374432752245;0.14137273612077;0.0575793660811766;0.0868312369872101;0.112405169279151;0.0623145574450552;0.0454666608758093
"46";0.0188578876122947;0.193420220068037;0.0270689055075249;0.0355869440911896;0.156958699580051;0.0842719281928747;0.151806107317515;0.0999267283120979;NA;0.0219607505780997;0.0825689121160978
"47";0.0139035661266243;0.0896382180637;0.0349769114575013;0.0588183504357854;0.0957757887995775;0.141762639039652;0.0633290673418447;0.170033414320595;NA;0.0368261554641975;0.0455372169416157
"48";0.0100404552653159;0.0579285666834845;0.0211184487883898;0.0523410490222061;0.0930603644938454;0.159568890856112;0.0702351395805295;0.10668426438763;NA;0.0172018196971108;0.0461417884818159
"49";0.0175572155965021;0.14261956255856;0.0275714651326707;0.0368922276310955;0.155318662138009;0.0462680659793448;0.108048861942832;0.126419064418006;NA;0.0341804536200224;0.0964918522482394
"50";0.0919854721171114;0.0441863382480537;0.0941864340357461;0.0905169416672216;0.0616236704879413;0.128037514656396;0.0554824366107805;0.174751727469746;0.57571566876422;0.192787615525703;0.140035793363657
"51";0.0796626662859684;0.0311656683646092;0.0942106355609089;0.0756490530187228;0.119861154838756;0.111175436092607;0.0571081321652922;0.101341479169979;0.42103859021253;0.0830142040120532;0.209641610964147
"52";0.0293711912514837;0.159891698208723;0.100391641932307;0.0881434943662919;0.073073666029866;0.144064585990756;0.0613325575992077;0.121347486902276;0.123536821387929;0.0599686049690848;0.0848465055429749
"53";0.0566037374155418;0.136450078186822;0.0999101775139886;0.124525418856602;0.15103390640258;0.275712262044969;0.146386200601546;0.139212727086998;0.122215292707987;0.0196599289154856;0.0541378829811541
"54";0.0437979115746555;0.378906230382514;0.113112489645319;0.114064265641983;0.160977498102768;0.231229820978443;0.298483587770765;0.459705092797214;0.445390646300716;0.633147643977744;0.210945418486134
"55";0.0256689003060191;0.0680499083880633;0.0526150802964166;0.139277110794739;0.0424671162652828;0.101079069168418;0.103571839564632;0.100872227013391;0.0983614899589027;0.0097893654430839;0.0671209946576314
"56";0.0361599523861672;0.485331938066078;0.227014032580363;0.136283978031562;0.0278935982306003;1.14052407162896;0.10835694945118;0.235308402218096;NA;0.0923081659585649;0.297857620413023
"57";0.060295910922908;0.150137825601952;0.109330947215247;0.116149121552053;0.199087964206482;0.607124077316789;0.480977425130103;0.238499350621734;NA;0.0458103015579703;0.0701057379890728
"58";0.0451695134989312;0.142322528080141;0.080987928038958;0.096267126166387;0.166018824252702;0.19580899879602;0.135411006549514;0.0963453087908602;0.105180661095066;0.164400245483824;0.0759716655854692
"59";0.0461882407147124;0.278862677783902;0.0975926772173099;0.111755648764497;0.18203839427644;0.193781672438323;0.1701454160514;0.168192005880606;0.146880792754853;0.0374209856232035;0.0563615922151466
"60";0.0597720068811073;0.225352128065078;0.0858522429474771;0.138336889654158;0.186146231363192;0.279815492972436;0.291719080099966;0.123357892302033;0.150624581950481;0.0679130803156646;0.0630291183580086
"61";0.0770122341304666;0.197253825686755;0.130024832602673;0.164427105598294;0.205916645794743;0.268208541205592;0.295846214231152;0.277039595600809;0.874212772677993;0.127077169722905;0.108174596399029
"62";0.0328970273926973;0.136344057421275;0.0700157444865154;0.12721203359216;0.0936597866597564;0.146480850863622;0.298016714662436;0.125816362546517;0.203755918853919;0.058920798295885;0.0575704927973739
"63";0.0300931648594863;0.141122668304856;0.0666439806373068;0.102277466137741;0.103987561681374;0.183434530684581;0.221909492362771;0.129749941966709;0.249155843596569;0.108278054694171;0.0572260119198348
"64";0.0612124059916095;0.275951729591772;0.0932789088717183;0.123488074643555;0.21695602818051;0.172522999732812;0.304046384268087;0.128078419498484;0.178635123007904;0.103351949918383;0.0616829188672697
"65";0.0286571614218492;0.076059310065446;0.0624482184713721;0.1479308786163;0.087410542801506;0.0883377683060561;0.151921204931072;0.0643361102334184;0.0661141534484308;0.0522535849416675;0.0492035284262438
"66";0.0454981059266739;0.286512329169774;0.0605040094832191;0.0792416450443752;0.215941528199012;0.766742795491421;0.601671187941805;0.137017065682293;NA;0.031834870939646;0.107225988522301
"67";0.0214628051578966;0.459002978017088;0.0788159387404747;0.101761770488212;0.0741055955513515;0.455735003529499;0.479360578093578;0.362818062254742;0.161062786464843;0.0768515306504449;0.0999219207266257
"68";0.0364824967263562;0.28382091817739;0.101625876757607;0.0902946235081682;0.114687138171968;0.496862778659347;0.276536814574092;0.147992677930955;0.229940918506389;0.0846811506076046;0.17777329010508
"69";0.042234114827693;0.456081877537361;0.0739476029146696;0.0978750545128088;0.171247402949869;0.749735886822752;0.528899300123437;0.165853745654566;0.0681278375230137;0.0365105987249733;0.102472447402875
"70";0.0890522275295078;0.0908213349389198;0.117080230329491;0.091638663669597;0.0859522188598558;0.0685692253288783;0.0706709571258805;0.43262355111407;0.103139530803821;0.337159199083313;0.205476565842608
"71";0.0549860674178949;0.195272305883747;0.0933394654948312;0.113193219340208;0.0997090380201608;0.0930707091597322;0.0832081304865483;0.220200096132834;0.555413902082133;0.101305456020055;0.112644500427299
"72";0.110850180738767;0.30128055283968;0.168303800847037;0.163395399213383;0.196679295856038;0.169251522562578;0.221921412769594;0.274995580355165;0.136915935181202;0.406790261081637;0.393561294747171
"73";0.0332974207827001;0.114923114593317;0.0698222821897256;0.0998224535313436;0.100691743252638;0.135066521613153;0.231516822499737;0.156973856502881;0.246138295454557;0.104829641199748;0.0610167054668655
"74";0.0329808800439627;0.140617192198288;0.0762548659376823;0.0966645659553997;0.114798334178557;0.124952145488201;0.21890074727291;0.123032222754159;0.199609860700189;0.097114030176441;0.07631802380931
"75";0.0204538001800654;0.111782434656301;0.0612802392559346;0.0700787394816978;0.0651961726252668;0.183941658775286;0.207995960888489;0.175191575882517;0.191845066214116;0.0535590609343761;0.0649848735993114
"76";0.0266222078344012;0.324178444127427;0.074882279739679;0.0983496682108612;0.0354970654917982;0.526215192551201;0.217142754983149;0.22278241588744;0.086943620239321;0.0601150544614267;0.159585054626731
"77";0.0541868991884596;0.254257520895952;0.122711600462142;0.127402440766417;0.0880226974418773;0.670682647274011;0.236998008366778;0.252109158439247;0.154721224955093;0.240419614318528;0.165807210567692
"78";0.0220501306650879;0.153101307458232;0.0799994672309662;0.0878547986169728;0.0392237870720583;0.409472851849104;0.240184570925472;0.445468038171926;0.343649876685589;0.0967030768965396;0.241836173948157
"79";0.0991086696316091;0.130747184721178;0.1055460424952;0.120430721094838;0.149451105708022;0.11198342999747;0.132210707253485;0.146149058221678;0.276591682131335;0.241302136484953;0.132444789987237
"80";0.00920853381698376;0.0404113503884569;0.019460379887612;0.0468808636022377;0.092015352193247;0.112336545599885;0.0621554814512524;0.121595663731861;NA;0.0235240508609403;0.0570479456803925
"81";0.0437772040282251;0.160670789785731;0.0797716965900872;0.0995125772209383;0.0885780475569381;0.124911120660898;0.111588742018262;0.186678322921268;0.722573982017813;0.0545927793960191;0.157381651711827
"82";0.254048449507193;0.10287034150415;0.2259636150103;0.178997593598625;0.180110281960451;0.336223383865014;0.318832181374688;0.170981198070875;0.217159099641549;0.255386343914474;0.256415049311475
"83";0.0971380292791495;0.0412070464893446;0.112616720568608;0.0552804672036623;0.16351784965572;0.109846289036425;0.169868152808244;0.119828131759247;0.10970296362065;0.151581759196817;0.163104634813314
"84";0.296516985479802;0.121966413710269;0.297733150088539;0.217130390037542;0.163004230226837;0.13783858934672;0.142797905749585;0.199334514670027;0.378858361158913;0.335272785466683;0.243362206881193
"85";0.0903258931424735;0.120154940318864;0.10247127803266;0.0699182394865981;0.0741278223271691;0.109887277247537;0.216001034574381;0.252876808421599;0.319502557997917;0.30921999207494;0.0396537702397765
"86";0.241605815370839;0.0860898950976931;0.227082296737542;0.140908228252753;0.191359808454937;0.277676374762532;0.287111718511489;0.181912086258109;0.176324972602001;0.296555473999391;0.261023993910311
"87";0.172072985832028;0.0515233236311213;0.196007268161038;0.086755750394359;0.148410131265952;0.219649451308207;0.323119037564815;0.225872913316761;0.414164661027486;0.299214672167817;0.31969472425765
"88";0.170822668680157;0.138900815245328;0.186278129906659;0.0842457284961568;0.124534980223725;0.0979250325838915;0.231732311470494;0.176186584802742;0.525010178652104;0.268802104476566;0.200906987055716
"89";0.286913012640918;0.133294861927274;0.225451924865381;0.339317174742311;0.306573832053134;0.292371253085402;0.234190236366147;0.190149440864786;0.540792307063956;0.331837112342875;0.0608281033148107
"90";0.283493488262894;0.084590202559021;0.259195627809372;0.267869603098848;0.145519640069428;0.176643799905739;0.145432630232855;0.334556011593903;0.517251667569059;0.335263530266938;0.2551497734816
"91";0.171663410441649;0.119466949095181;0.192572445016542;0.156202711909023;0.0813698289862268;0.295262663307374;0.123600145810845;0.260529978869895;0.567157826801022;0.371459679498609;0.0587689875926047
"92";0.161522549016096;0.0886757238097345;0.177824814731261;0.124827631136548;0.0604316283519203;0.241553305867351;0.152029534712522;0.187116877820841;0.517485360129977;0.370976012590025;0.103453079207172
"93";0.143937989286479;0.307107138039139;0.0886767508788663;0.162269645600454;0.15114682412302;0.134867140415759;0.139960215012146;0.180217986812407;0.217850493822212;0.813182103252044;0.139378900094784
"94";0.0362036324229179;0.042693204231416;0.0521357416233278;0.085274161407833;0.0937980292906855;0.0831895689742405;0.0370060947221859;0.102739437994716;NA;0.156505789589738;0.0702509094718638
"95";0.138265683300563;0.151609250616241;0.152885884225434;0.185192295463556;0.229890786221555;0.266895109056273;0.10623091630564;0.186313499580529;0.291691215952994;0.422544539354456;0.120411161364217
"96";0.0582494234490098;0.184121830632143;0.100794824268367;0.0425590670107278;0.0631556096218485;0.137006073860758;0.309671790524023;0.138876693911085;0.17383609013231;0.158020170014947;0.103646009948623
"97";0.0988997421319461;0.138007420745771;0.0889088486690393;0.0933046917152308;0.0998591002147151;0.228571906231188;0.119134648664647;0.211032604841699;0.346556462718189;0.713501028702296;0.342272869524307
"98";0.148251212869735;0.223613523131207;0.170447548601267;0.0795802225755024;0.107057779252826;0.235105180054181;0.177868090458968;0.168312725810921;0.125813633966444;0.306285366853176;0.195951662982336
"99";0.112952332158025;0.140361819923418;0.0920212209320207;0.101416615747372;0.13880941009374;0.295963522957829;0.122502215184998;0.196762277016044;0.430438356389208;0.244919917419455;0.0672552911113873
"100";0.0927419816898889;0.187870447025373;0.124822125651659;0.0770660645323247;0.151611580339964;0.393931259051842;0.172127578007779;0.158636543723911;0.205564151445916;0.409695095371572;0.139159330231845
"101";0.128234757799905;0.115751368812255;0.103439837868388;0.0729903432996329;0.148757523759886;0.295548798788473;0.166949799484036;0.15744012827468;0.425974774918246;0.351776693426118;0.0442492626865276
"102";0.126629599279909;0.127680926709456;0.146866961006428;0.19024112818824;0.176704529345944;0.172389014924889;0.0890870917012828;0.1174087478246;0.512391972780715;0.318624680120538;0.0989208054577753
"103";0.025858402718249;0.07692881631429;0.0334511824043705;0.0461816781383853;0.0717194329589051;0.0691313791013744;0.0600361201308482;0.127467884037044;NA;0.208406856244591;0.350338043176122
"104";0.0807860746804884;0.0273108997337277;0.0961900659223131;0.0815987179344123;0.115451872363994;0.111966489028869;0.0598997086929165;0.137914011769115;0.437666228450177;0.0562087920911683;0.314646067731401
"105";0.0191233309076618;0.119988921843718;0.02414207640803;0.0286880080082018;0.168669864658132;0.0566799389707002;0.0931319374744984;0.0970119915586459;NA;0.131042863308337;0.143950477830121
"106";0.152844329071167;0.150210509978966;0.102662735439322;0.151269920426207;0.168393101230125;0.330373017719695;0.133336981129757;0.331932774659007;0.528358317841986;0.270367443992045;0.0511439537574982
"107";0.274521813782456;0.165772816445576;0.237249163094727;0.198860809955625;0.321317507119853;0.382435502608922;0.303144710091532;0.375083160250055;0.579074743721024;0.302947443541699;0.0854720154141749
"108";0.191624639016253;0.139277383279997;0.152673367280917;0.136064378029215;0.196019319395372;0.266811150424011;0.216760515647502;0.263606833010491;0.500673865218463;0.293280101918978;0.0425657552631632
"109";0.141453151686639;0.121137131084417;0.105310503886159;0.135001311859111;0.25561010060766;0.334287072899275;0.200274707021788;0.287645079449317;0.448070771832515;0.310115366189891;0.0479429527981879
"110";0.12114711662074;0.103925628810478;0.0879031693011703;0.121732163439395;0.185951275246218;0.284989940000401;0.120044293896968;0.307678584987348;0.473485029227019;0.442846815436357;0.0286127765397649
"111";0.177116396936375;0.201905890717159;0.0717049454379724;0.158486277609786;0.0850844168982574;0.162227404709166;0.150800126493904;0.063582152817489;0.332729807164083;0.394974627975449;0.0310768743381948
"112";0.225908019061635;0.105215048033122;0.241081998035273;0.180333744402778;0.087251367446296;0.390230141397445;0.192581113751212;0.306573484793497;0.590053993972797;0.460722102541898;0.0526783035322536
"113";0.357727583505753;0.100983405507668;0.356044593145742;0.352825046792705;0.253659075120172;0.464101240754732;0.109509652984103;0;0.617455378347702;0.463908250264271;0.0146472455516264
"114";0.184771735872353;0.109013487675224;0.193761053107762;0.201590060881088;0.198195536286296;0.278489204273384;0.0965832962835123;0.088264568730486;0.461714694274552;0.482638087853976;0.0378048066255458
"115";0.0808693620809981;0.24553681692175;0.145810629884878;0.0849946446403827;0.0939538781026627;0.376816800554826;0.0903431240049318;0;0.5010989909817;0.466962770748368;0.082481431754413
"116";0.121947295399715;0.264476395013569;0.209518313045093;0.136845405351068;0.176803462540963;0.346789931035473;0.0960605095633861;0;0.509533563438675;0.379019788264275;0.117401094642679
"117";0.360466072369207;0.638891531874525;0.176843797537114;0.42926153624516;0.208034501564579;0.50355287012175;0.266572379998044;0.314376961516437;0.300904411443956;0.629700912844539;0.421985418300741
"118";0.0632878103316517;0.202339357768291;0.110004882415702;0.11602281311691;0.120187340322589;0.173302042118444;0.0735966518515604;0.179471527581532;0.290218312734557;0.303054598936482;0.232213701110634
"119";0.158912937998414;0.333036039647073;0.223752322841063;0.230833408899503;0.316671586136329;0.164137764083124;0.215293564977579;0.345857919072115;0.340960520621879;0.933362452666245;0.265004773129579
"120";0.0579429892005712;0.0987679588896299;0.0869043258455833;0.106036402384848;0.14250308022282;0.0950768761897624;0.103625008630405;0.15259656824749;0.589303622509364;0.118823093671723;0.22467112497989
"121";0.0717594772846044;0.0939598361054764;0.049431944200379;0.114627565885123;0.12801464167271;0.282553099293746;0.131017066481563;0.325283145952236;0.342134795427532;0.690298822915924;0.0132513890515397
"122";0.184438012580891;0.144652467007969;0.144261959370724;0.108706026392973;0.139090436380808;0.314269510339728;0.137443238754858;0.259310168864684;0.525047585013656;0.312827827059049;0.0528647759442739
"123";0.215188735822602;0.125512800574999;0.176404199240013;0.082987943471934;0.19203926167048;0.345866953448221;0.157929725568615;0.201364118637981;0.47017955695765;0.314158305354859;0.0581562840448623
"124";0.110520426728187;0.134129115001413;0.107704553080407;0.0899482476800758;0.15764057551501;0.284685499610131;0.13444289773262;0.21547448351753;0.349527794760095;0.312931328188733;0.0875063325113409
"125";0.14653899762031;0.133059220043216;0.106794603227628;0.118955375409658;0.134961710060837;0.335788558958571;0.109610965359235;0.275516329243333;0.497075978876774;0.297960063751355;0.0541856166367703
"126";0.188124748106911;0.156100627533411;0.18545938939839;0.128531693835317;0.180633742477366;0.334887730977114;0.201375985526867;0.169221245717911;0.343959946587333;0.26557040027911;0.162481576744918
"127";0.142796226778258;0.112604181885716;0.114205655522869;0.138207224835795;0.271682625044652;0.304400902632162;0.15471325055962;0.0361569597254385;0.61304647273807;0.245165117272573;0.0267736426068027
"128";0.280598158752075;0.154717333651035;0.304071429258827;0.238649605972974;0.270634253615666;0.374889182621092;0.186720852319701;0.285544079483233;0.621325249284326;0.386417325007268;0.0395470763575057
"129";0.246676103499191;0.168935340049117;0.2511454490486;0.201377754110384;0.400815576754123;0.246341969541479;0.249179362744779;0.344883256490184;0.572758089066143;0.620690992376841;0.0342871498442946
"130";0.135459416342497;0.107188781536931;0.0999410889041713;0.154017031082152;0.208721484218834;0.303222313477047;0.154080252152171;0.0657343435154927;0.420788652274424;0.301111894963294;0.0278225399657008
"131";0.0250271736761541;0.0392545530407966;0.0260657372461849;0.0541055783634152;0.0770810047741452;0.168500323955862;0.144837917981669;0.9847983396536;0.224513289671335;0.383340910158042;0.00455193069906478
"132";0.0927020726707639;0.108683626982426;0.07229358878347;0.137156797731732;0.184966575997813;0.323544306164427;0.166076191569179;0.671407207107119;0.364324976965367;0.7823510112375;0.0167346805136144
"133";0.0706528402115712;0.0771957320760134;0.0851670602087769;0.101439585777598;0.11958113089854;0.133960841790341;0.118203722825852;0.157597415044334;NA;0.314544649782793;0.112259434909943
"134";0.123916610190114;0.194899432024057;0.166331006402008;0.0977932536897246;0.0942499036671595;0.228378429389071;0.326457098595525;0.236586079527938;0.46609573465414;0.618373023472145;0.247202246962823
"135";0.0470342859065143;0.052710115666403;0.0741020711436987;0.103615158194129;0.1439305940373;0.160196215701786;0.0634133366748768;0.154411957981234;NA;0.447245711594847;0.127061564231985
"136";0.298720835050597;0.0849390394555262;0.247884022329757;0.299404915703308;0.146600830729182;0.234528262742481;0.167812536010908;0.294101202482279;0.429598856266355;0.38246080633242;0.412493551188865
"137";0.524432918568315;0.11343149631353;0.43655083182368;0.512179071530523;0.139030824475967;0.25482598026616;0.192595756142053;0.296100850204887;0.35011685470254;0.328878173089281;0.374898984485477
"138";0.182719597360338;0.0635807798839522;0.14880646271342;0.217681797467962;0.188730214153438;0.138059924346895;0.164928814201275;0.666964665726997;0.510209642140862;0.323559123093821;0.0358668927776708
"139";0.309072072668841;0.0656383768331957;0.26265882150711;0.326446664083572;0.164653779271666;0.13172568010403;0.148726386707216;0.505387229488707;0.537255985072729;0.433024209139023;0.0966421826493932
"140";0.201408766194504;0.0441205242163814;0.1724877376246;0.208650120938861;0.107200042505616;0.119263090231849;0.0993048360112282;0.365569079130974;0.447813272315652;0.295504628003274;0.0824180678110166
"141";0.0632302685942781;0.0338018708112641;0.0453337246656533;0.0843091607624497;0.138190962766935;0.109926051701832;0.0735156377782872;0;0.41488320334571;0.125289695008401;0.00877939362324281
"142";0.175884088557538;0.0782530783105485;0.156757856553683;0.163052514861806;0.138984364214741;0.174347465682462;0.148449581795038;0.251030747172502;0.517980365437165;0.272997866075818;0.298733446177427
"143";0.020820906091546;0.0893071017870696;0.0282112566156136;0.037377032967793;0.0624076434342984;0.0763265403196985;0.0358569313219435;0.0999013991906145;NA;0.138278695959961;0.182923705756694
"144";0.0593883141807804;0.075675744964226;0.0656084514943774;0.0790097939727281;0.0515112235071594;0.0576917455226029;0.0371170817495223;0.148438497190309;NA;0.546045751914122;0.333911893612561
"145";0.0285883559869481;0.0567871370214152;0.0376172285992715;0.0388406651657287;0.0710678529867023;0.0520069691232294;0.0320929824753555;0.0919163630447145;NA;0.0621760545438063;0.070669629662398
"146";0.437754545402405;0.118455972463362;0.357597612180695;0.428811092638581;0.175283378105182;0.271830117348234;0.224863062973511;0.299502845250439;0.469250964294901;0.585968673524837;0.433518296185327
"147";0.106106020584972;0.0318094313701476;0.123853718835425;0.0981337593460145;0.108407916094298;0.110059612939035;0.0869592903690012;0.155872020566013;0.469986803389093;0.257623221794179;0.179451647005799
"148";0.0178070798276795;0.0314442097698848;0.0383445423063193;0.0473805169317642;0.0709209936795082;0.0854316992421634;0.0904049833961625;0.233996853692416;NA;0.0415940967279261;0.0609464760920006
"149";0.0117474797998713;0.0550249366388738;0.030592074984029;0.0361101252055477;0.0691586354327435;0.0766360447253367;0.0955548637619558;0.259844897163838;NA;0.0638284505152586;0.116280034036285
"150";0.0396640357614256;0.108730460963494;0.0734423659837604;0.0721875668295254;0.157214174416113;0.127539651133573;0.0618703174984673;0.267248937228894;NA;0.148972462293822;0.164694435844425
"151";0.0794338499639054;0.0532476814652103;0.086459882868067;0.0996370784132379;0.0826139982855825;0.11413054714139;0.0800637344906513;0.112080862051417;0.304324613873857;0.0718976809454534;0.111911612496018
"152";0.0193477008789808;0.0495519652240232;0.0282978541408634;0.0350544820521536;0.0769215310882062;0.0758956814361358;0.0409747385839345;0.0646458200365863;NA;0.0246261523124439;0.0673064194265622
"153";0.045193166099567;0.0304735713318459;0.0516814155196389;0.047589959878193;0.0820460017223976;0.0662492627146865;0.0585975244420386;0.113371930414629;NA;0.0798266449420145;0.15704887634755
"154";0.0843134727302262;0.0285398391937391;0.101355631246972;0.0903420530246807;0.108855988648174;0.122906363413942;0.0639013899053225;0.148921952673281;0.412021648949712;0.363430658371054;0.110822455594494
"155";0.31811089406035;0.0708399792068496;0.264800934669943;0.309203622800481;0.126556569278536;0.143353156452538;0.142248477069856;0.420446925551188;0.629154851573911;0.528162117802265;0.172784934759596
"156";0.231223534159572;0.0416267150657506;0.195263008358208;0.233930461406425;0.0763893456697657;0.0867915382904376;0.101001218102721;0.413984087620644;0.555182948362533;0.437669441454473;0.0708764265004073
"157";0.0626517407681474;0.0397233165271485;0.0710327353192552;0.0865089384165265;0.0715672728385992;0.0846140610735777;0.0531499941042457;0.164096019411481;0.205500489374719;0.106769820856094;0.0926106169394114
"158";0.0835316741812361;0.0370490858119338;0.11874188898169;0.112113000865996;0.111214606300875;0.13380169972404;0.0667323017529344;0.220634758542789;0.375546179161945;0.247958473163669;0.297228785372538
"159";0.106790853647133;0.0706192696653303;0.150311034720006;0.151233793426594;0.163405288073522;0.0985350286481428;0.100487822815908;0.292701857428128;0.366197954435143;0.894178271570734;0.247756598978718
"160";0.203226996163042;0.0387730250259915;0.17026343426642;0.189143450286866;0.106232508253642;0.140742731287259;0.0820230635104151;0.22044673669946;0.663585040103787;0.371275195903295;0.181249362691013
"161";0.113230690803206;0.0350928394688107;0.116051637394818;0.0942803590682456;0.0973549475260572;0.130488020247061;0.0743572134541942;0.246759889975188;0.219290657162195;0.380799052384454;0.151249044184448
"162";0.240541233638842;0.0401650291807301;0.202439211462121;0.237077389090348;0.0975499149485728;0.156242897088088;0.107746667848562;0.420347178103739;0.452335794545379;0.500255612582887;0.0642500692374728
"163";0.0279633880868953;0.0317442543540781;0.0335706866319025;0.0420249266675706;0.078910432860818;0.0677905355038008;0.0461327920761065;0.104050388397383;NA;0.0509075028504541;0.100767014707554
"164";0.0117905335476866;0.054569083367682;0.0186637874975991;0.0288819517996442;0.0800481715391217;0.0907132068838789;0.0560866971734064;0.10997065970834;NA;0.0516253504083744;0.0705569104404663
"165";0.0166986300041842;0.0899252130224196;0.0316074993507153;0.044176325750689;0.0860683556808807;0.0702555153200191;0.0727774308191834;0.141045969967935;NA;0.200556391866647;0.221104186305617
"166";0.106991413130318;0.283374840696162;0.142221184530999;0.159005252955606;0.168995506403234;0.254331355874299;0.159720655835976;0.213476640861347;0.307498587980211;0.601056440892584;0.130899140967629
"167";0.0329256147417376;0.0336658816860355;0.0564826197615893;0.0631268461763765;0.0836385788252828;0.103959383043405;0.0494205014698978;0.141513791143214;NA;0.186709759397226;0.0878990051143926
"168";0.0591071756879677;0.0463655610288024;0.106732985072279;0.0664781350921752;0.0925311407330092;0.233939633974506;0.0943665298439815;0.0888405294765353;0.132187857411429;0.106698475007149;0.0582470599311445
"169";0.0531897454679951;0.0523496217070289;0.0884705002644706;0.125242329091064;0.091041114510819;0.197763532904117;0.0718424538922627;0.162966348788884;0.578083028982153;0.147204352649067;0.117163413716037
"170";0.0795776151051917;0.262466587407794;0.148239841691734;0.141785298803537;0.242178704599764;0.210120722420065;0.10778911622035;0.270568630130526;0.220140967923055;0.721965331438108;0.139835431359016
"171";0.0677715865299585;0.0813970061468419;0.129694811590439;0.113896020702066;0.134000960806746;0.215202695119455;0.0712180438331827;0.0916731000433393;0.154361541841539;0.232865339812071;0.0784384396070926
"172";0.285370709742349;0.102251148655337;0.272299841225961;0.172804092648116;0.147498362360236;0.232099273983268;0.180402004701869;0.174569596530539;0.533914703692243;0.371495277674584;0.0552985676608211
"173";0.236916078064447;0.113426944434681;0.226791899947127;0.103092205102243;0.2392666969496;0.237274390251134;0.171858195354469;0.242486938215954;0.538497786883776;0.499607880948447;0.0401606244870712
"174";0.12148756234032;0.0893012958812427;0.116611829957915;0.108665684287208;0.244127783047675;0.194212153022179;0.177607187619476;0.511748110480195;0.405492189791189;0.625154249620225;0.0298965888530943
"175";0.065339199352168;0.0978151707135743;0.0916356072823316;0.0801333648831591;0.143173461939173;0.0797938456726829;0.137435062009498;0.160832154000199;0.345634936791504;0.15150494472876;0.123680951309866
"176";0.107102712914144;0.124465465610508;0.126752322706689;0.0948634255976966;0.0711239282392705;0.207499215928467;0.0867987747245018;0.194435278930846;0.127625941315644;0.217293650659816;0.399343037317578
"177";0.207710124751932;0.092353710375842;0.181201665792888;0.200107182586425;0.125933737500341;0.161431111332428;0.156112078482024;0.310167582969644;0.422039489346501;0.469407168777022;0.203660088023132
"178";0.101116814997168;0.164301371127459;0.10754561179852;0.058348077886662;0.14757898404294;0.332274743817554;0.126399468679227;0.153221858936193;0.365657094592759;0.270816080053034;0.0629167985726847
"179";0.129479444124875;0.104712554203269;0.105268659177627;0.102018687765322;0.218449451146926;0.428177670855979;0.11035151715749;0.241925139453736;0.386222947964;0.396307546622129;0.0323573513068522
"180";0.159710523486656;0.125783604731424;0.137266513845575;0.117132899781133;0.188729986382534;0.338301027891979;0.118548846167204;0.200245566085046;0.318082584113724;0.326081900134359;0.0763296797938767
"181";0.0942919453344885;0.167997801523346;0.135329078879008;0.232684195134625;0.208332662000756;0.648946006405299;0.153121935289462;0.229523841134762;0.237366890831874;0.680483129454453;0.100964409560566
"182";0.191164101819596;0.122344710279029;0.154875998601862;0.114161554883349;0.187055697071689;0.653711559531788;0.114757932341532;0.1820384727747;0.468109507707639;0.297939942625564;0.0672052811255747
"183";0.197910149561716;0.177448180155184;0.205889936480897;0.0932008116768166;0.163259500334356;0.327454827693597;0.20504616896957;0.186197458136955;0.327219322107336;0.273626095619648;0.149949064028621
"184";0.237062237285889;0.157799043994646;0.255249035290052;0.0786301073973051;0.170590572819766;0.302220846348825;0.176583080800403;0.170744198331934;0.243216205707776;0.513369430264967;0.248173736240694
"185";0.0800494520727736;0.146104482480679;0.110370861486195;0.141140483859081;0.116973123098576;0.54088641368228;0.0779953654494853;0.107412281680469;0.350660295397753;0.186440168706751;0.125704381440477
"186";0.0967021915724054;0.315769484606052;0.147513259636731;0.169005038604072;0.127072206713154;0.294861036680208;0.0876221095327348;0.332453436674272;0.0720859432800148;0.617247039423468;0.334108291600681
"187";0.163880820733152;0.108649867528157;0.191027930755289;0.105518630683372;0.0506433986151861;0.21547946649782;0.127191542876541;0.217781690761785;0.380364964637592;0.406873733894668;0.273237743745647
"188";0.216251650913531;0.121636474274315;0.244274185551043;0.150122324603689;0.103484411862644;0.239367692935222;0.146113725833114;0.159088122594381;0.384684317939566;0.48657638231796;0.237678674296469
"189";0.0959502269087416;0.13980117003199;0.130364801341776;0.0697139989090174;0.0953750750600042;0.242067263633378;0.268618540638718;0.176043065452541;0.488755675772687;0.433509261824108;0.134851175666268
"190";0.138271083255204;0.174801017822013;0.192638102660296;0.0788136388166797;0.0676829001452724;0.256706477619609;0.315837526073846;0.136264512008525;0.239063712424782;0.0706202418650692;0.137706193098238
"191";0.273481859721415;0.16726809240355;0.234550063842458;0.127656218164658;0.145163945300343;0.28939528006067;0.181637837622445;0.199495591026129;0.405733808399745;0.32079074091309;0.200212173184339
"192";0.0521650405729573;0.0584203769330601;0.0612915864330373;0.114459703928531;0.116441754308566;0.187732496823574;0.0474777820048845;0.182823006339734;0.234481630088666;0.0551459060621337;0.0724450095275504
"193";0.245696694474759;0.0505017403433587;0.207684641425533;0.22974632317529;0.107324059463465;0.169291248219161;0.111064677764218;0.298756081474391;0.467840300326675;0.291673570769739;0.228135930083857
"194";0.267486414713465;0.0523017887855746;0.227739459942798;0.274062824373592;0.100816396657785;0.102124190548789;0.118578963358232;0.409296707097661;0.533986835834941;0.388918477797432;0.100908655401267
"195";0.0612627584605767;0.0602033722347906;0.0761891464683498;0.0554700187551106;0.0993642662495048;0.150625092998488;0.0594197107279542;0.136405614830976;0.216767151959163;0.151614337266332;0.232288003526308
"196";0.0819004743853183;0.210825166879953;0.149833208135579;0.183940535528562;0.227981140006845;0.430136786170364;0.132040769084326;0.219193107092433;0.599128604278988;0.444399702808163;0.123761194300569
"197";0.0747857286748894;0.0736482601950333;0.123538146715827;0.146054591599863;0.165607465242729;0.432466849285984;0.0887991265829786;0.155735930524573;0.249313356829002;0.238605491714608;0.141408855673087
"198";0.11028721840145;0.154328971202856;0.132358586820558;0.184637805426387;0.249625959325401;0.454265405059566;0.288358221478074;0.233640638152354;0.449796872744327;0.485133755739765;0.0927987705344192
"199";0.336228980693651;0.0865401518195703;0.285981068608205;0.313035182543964;0.179025208748394;0.220590414576771;0.162203916124191;0.235829777691611;0.269970516183747;0.390721177913781;0.537893485278159
"200";0.274461857002839;0.065078876649236;0.228314345166965;0.257367952178104;0.129928444451001;0.155045898170388;0.100566724424121;0.318439264931973;0.56626229831462;0.296436186098164;0.254245151703065
"201";0.113981845150507;0.0226604022593766;0.113411150266744;0.109694119451218;0.0951594398265798;0.102415411725899;0.061142526066533;0.215100312797691;0.591109335359813;0.193847462682234;0.16032277228933
"202";0.0858666285442886;0.0359846072754301;0.100005653328685;0.0829617770475862;0.146903577952615;0.139680772173888;0.0739450428490723;0.108521320155407;0.41019582163664;0.0660673917391564;0.174863183304756
"203";0.0606414668974525;0.0275609067988614;0.07640259338973;0.0758649360470721;0.108886539263697;0.105859900194293;0.06316156095577;0.127786078172776;0.37330275630746;0.123769618232355;0.223264725269393
"204";0.0710286186461197;0.0593975493600627;0.0925764969953046;0.0906692895551781;0.0734121611014375;0.0665297987888374;0.0655956841706293;0.165174642439274;0.438913781382603;0.47792051117232;0.267915936389782
"205";0.0898156246124659;0.0931919904286476;0.0934568090690081;0.0942523324082638;0.0906785586970775;0.125883360926297;0.0757222237286149;0.213302621580747;0.249476490673411;0.587113256744154;0.133690757125797
"206";0.0251693464764332;0.0866735176146825;0.0363599544139407;0.0466132870693856;0.0642588483562829;0.0651774448339807;0.0395551618779402;0.122895624134898;NA;0.224126722704453;0.117489411919128
"207";0.093143385873049;0.0492444837157657;0.0957107357640387;0.0942678495017909;0.0859651406224192;0.103227599005825;0.0656916414507764;0.220498504206041;0.445652065502035;0.39415999222011;0.132755248361527
"208";0.0605801561221164;0.135593512648375;0.0704008474702094;0.0901470103240487;0.103134338436367;0.103257840705931;0.0873505503917265;0.123862589748966;0.429094391622235;0.0711207266204448;0.121125434842257
"209";0.174978942318202;0.0261737050523905;0.192640722653084;0.151752376814879;0.137516921041879;0.202385344077558;0.062887040164992;0.164060773644514;0.334524846163928;0.0884370070461513;0.345094271379115
"210";0.0407929677055242;0.0860123722445629;0.0618615810580743;0.0484043816012713;0.0813317530665106;0.130072283188769;0.0404683148626878;0.0889037358447963;0.150679227773762;0.0354761856115443;0.170962775750689
"211";0.152800861866932;0.0298513314502745;0.136839576235753;0.13862652864151;0.0980649458182395;0.093249707946212;0.0675024719608237;0.220963868959189;0.660428693450914;0.255149469696413;0.202872438911478
"212";0.114724907239535;0.0567985461579812;0.0855213610005753;0.146638713052931;0.173559601265851;0.146351444817945;0.126304704064838;0.533413898187467;0.512952931390928;0.267661721043695;0.0191515999230399
"213";0.209126741867168;0.0786036986324763;0.16820792234829;0.244411804654473;0.218034267546663;0.178045769124279;0.192963733014969;0.696950857339773;0.48785571920982;0.348500963329419;0.0412766734012591
"214";0.0466994447393084;0.0739509190496056;0.0363102428493609;0.0958866611501243;0.12722718603768;0.374562718348374;0.109417537860209;0.483896122465696;0.29783950622497;0.445104869700695;0.00806380716338404
"215";0.0526737997050095;0.0868606034388035;0.0427106814426777;0.116851606484838;0.144200197518503;0.420376684308648;0.120256894256286;0.566710807666715;0.343689192600909;0.570696397450473;0.00895760471169068
"216";0.150598830316923;0.117301038546402;0.129529114985402;0.113263783267664;0.258368372297922;0.413787745480272;0.120779793527189;0.352793826033847;0.398036073820263;0.499551173901905;0.0341098487142494
"217";0.0429244611749833;0.0546686000589526;0.0452156837705347;0.0511794764855425;0.0738988002402276;0.0512118727628753;0.0408556575346503;0.117738863940744;NA;0.0754791849542891;0.166694281041431
"218";0.0751072740633983;0.0488202987657606;0.0781939637932726;0.0878040761683874;0.0649006500524348;0.0836318082218026;0.0490660693800773;0.139783969539618;0.105232309681901;0.143795641174657;0.172131582836233
"219";0.0961097642325515;0.0447283698322007;0.0914086656422932;0.0980219489032281;0.0915336839532796;0.0849112905191419;0.0865960584036031;0.198405979133477;0.653751996032896;0.341786737487135;0.281988554645848
"220";0.181020526886478;0.321365584355251;0.1660950320381;0.252413953507428;0.313885318835019;0.315920977847123;0.137395060365921;0.260834272524893;0.240700054589441;0.867728285463033;0.187122428634157
"221";0.0684820634690124;0.251651833390356;0.175130788025164;0.109406709112626;0.21929338486488;0.629605998824329;0.112982256461983;0.157377712956508;0.117509767900579;0.370924818938593;0.0982435122908783
"222";0.0715643779917782;0.111777249963061;0.146456500056766;0.151886525118452;0.113021615433705;0.414896008829434;0.132956721727666;0.189037520841259;0.649370449623218;0.161927609510105;0.12549331990994
"223";0.0130683836933137;0.0932810180256546;0.0306934319830542;0.0285460028007773;0.0585862721845245;0.0876111004145873;0.018219919274786;0.0678609738057262;NA;0.0487414119387175;0.0579974068448241
"224";0.0653203483661894;0.0409694202739344;0.0727417384912769;0.0509867536653494;0.0708875691906309;0.108369443739376;0.0368479641434574;0.120681879089825;NA;0.200302896491495;0.138274694643764
"225";0.0464000744540358;0.0757973952657056;0.0611504428140685;0.0467995495558312;0.0520123306773102;0.106153976012756;0.0349847570016376;0.128568421803871;NA;0.101596336251648;0.26354138466061
"226";0.0166872753416042;0.0568514974605435;0.0410273132302082;0.0621576541266793;0.035857633735214;0.07555110034139;0.0686457594829791;0.158195105785762;0.0970175949953119;0.0473754064884247;0.121376780523691
"227";0.134743841429178;0.378455917604423;0.195294332957772;0.19857958865827;0.343800115018644;0.33014668945327;0.223711341794122;0.590147533488824;0.27570818995749;0.757420068064591;0.199894428215305
"228";0.0247605472701207;0.0623946469176927;0.0577996364941112;0.0777747889289748;0.062871931867601;0.0985720055777269;0.0675225653920714;0.13951915479701;0.0977385655137069;0.0868089664325383;0.0711036919063379
"229";0.0584992092840121;0.16588422471742;0.058380417797912;0.0776106429845467;0.117076318436667;0.0670103835569638;0.128270400943415;0.216796795414984;0.306211965804005;0.24195456365743;0.126098769224088
"230";0.123760105635904;0.231665715811745;0.151786776512306;0.185076675946175;0.162307147182982;0.149031890179543;0.162020405019159;0.330390597140403;0.361728663259483;0.706484242279948;0.155274646974921
"231";0.197544357731778;0.171738411068448;0.172329448068627;0.139344233394749;0.197622964930362;0.365544387355187;0.302832338008357;0.202625472466504;0.372455959554161;0.411583909556825;0.298402153314561
"232";0.0201930035612492;0.120462883295363;0.0360831681299619;0.0556875821544981;0.198983956270939;0.0613996294409694;0.107596315829395;0.143127486766808;NA;0.0241079394630372;0.167336425872681
"233";0.0173592017654154;0.203397926694356;0.0411612832880571;0.0392640818373606;0.0854386827569484;0.089957294525488;0.22370635414777;0.164649229823714;NA;0.0418520294364611;0.138614696911259
"234";0.0230539065412633;0.184577106010493;0.0291708675288104;0.0377302146819926;0.182767760726462;0.0621333509086784;0.150921277998172;0.0959300141307249;NA;0.0299839495253937;0.0846791010007797
"235";0.0102470875020436;0.236233244493459;0.0315571762556728;0.0440862996779979;0.0392718199386181;0.133415306466753;0.142677316289245;0.276502490153392;NA;0.0635459435496505;0.0809012671576659
"236";0.0125453747552274;0.0819585493460823;0.0290791344610587;0.0607324858233723;0.0781619046279086;0.046741016730486;0.0710281761260045;0.0884061153204935;0.0794011192630215;0.0172068314253548;0.0472077332682228
"237";0.0157145837475088;0.0916126926404214;0.0370407948375079;0.0514943694940084;0.0872910627911941;0.0412546256987039;0.063105184276417;0.143645632017924;NA;0.095031253059836;0.0737767971212214
"238";0.095420412993185;0.048401633336706;0.125729316933339;0.115691089267888;0.134077590181254;0.127263263358439;0.0615802572203032;0.173683901652063;0.177483337623592;0.0802185856835335;0.194179242972782
"239";0.0659904942739037;0.0628202215279863;0.0830224370850747;0.0778838883972951;0.143815349388043;0.114977099905557;0.0487907752833311;0.210437241821618;NA;0.16697344175497;0.150723632180362
"240";0.0784344257618911;0.0374711492663962;0.112463353778722;0.113831202294455;0.1041980907496;0.109413236294269;0.134432224687247;0.161308142775455;0.660886194580453;0.0657495367239308;0.0990355439274073
"241";0.190601310819201;0.125313069517607;0.177140512070984;0.119795395558246;0.208569482717807;0.17978291472979;0.192955507836461;0.303798359084222;0.526760590731022;0.490179815053939;0.0316877379654649
"242";0.148928006850637;0.120111084307148;0.137367748374058;0.0901629303327542;0.112633666189788;0.189153951953404;0.132131763932532;0.194356008615281;0.476389916505589;0.344506938991116;0.0573250497188285
"243";0.214489688187788;0.107395612370857;0.210340243109428;0.137867898718253;0.163438461799935;0.203638253151573;0.14636160613983;0.218062381162198;0.443680509392483;0.509432708878247;0.0518638371114915
"244";0.0252924503042642;0.0306185099549588;0.0511590801761388;0.116897930777631;0.0516423762526526;0.121811993512591;0.179155762616462;0.089295718868821;0.0874603112440175;0.0343705224898969;0.0581009014028541
"245";0.026260267547809;0.0386422721574606;0.0467764182968627;0.0969469177845813;0.0359624575635748;0.113282319854723;0.153226391617539;0.0785959107377288;0.0606970902179245;0.053046365305784;0.0691286732979885
"246";0.0469502615419009;0.16074839461785;0.084549513250258;0.14371882416742;0.133898842967907;0.20741731966819;0.161132376424157;0.107384739821318;0.143332741251587;0.0766411103944004;0.112578648988053
"247";0.0144008540245367;0.119186894733026;0.0328658795608755;0.0913260222949737;0.0281222205756949;0.167814017483141;0.175325504352632;0.177078289704179;NA;0.0221559135294977;0.0467488856496893
"248";0.0182778634649205;0.106280312120504;0.0314195803382389;0.0692245819752632;0.0327481803871454;0.115059094270995;0.112571360685305;0.113402405091037;NA;0.0113861558322416;0.0548750515961261
"249";0.0217621146841461;0.120376179272268;0.0461069805048754;0.0741070439931554;0.0368275782108923;0.0958518225396925;0.120698594443832;0.103545744365068;0.0933206301883156;0.0200035028293823;0.061450760341269
"250";0.0408505851456292;0.102522218071377;0.0424455793119001;0.0781988480276857;0.0415865517842016;0.090901660994625;0.0617146509532145;0.101748247471008;NA;0.0444739314933193;0.0637144822751704
"251";0.0289247321397784;0.0541190465532943;0.0473188779768154;0.112268340727675;0.048896636704455;0.0800303254396239;0.142656311199238;0.0776383997296482;0.058643702016701;0.0295150647502417;0.0428786990678214
"252";0.0278754929213892;0.0351300903072746;0.0623078333401101;0.103750961708902;0.0767637310679699;0.299018953199354;0.244444546333847;0.189901093683343;NA;0.0173359201758925;0.10036081770744
"253";0.0281922099701033;0.202037740253948;0.0568631534240951;0.0792051157312542;0.0678216893405899;0.144135911318746;0.101282753517445;0.115765461713448;0.139195434225101;0.149905818493215;0.193606745028198
"254";0.0395865084752754;0.162651652780359;0.0673655758380401;0.0845536066299862;0.0763177487827073;0.157359852247881;0.121921439737545;0.0759703498908045;0.0771188878974347;0.0734982537073173;0.139695327426418
"255";0.11777955186564;0.323466175438293;0.1664612862253;0.180624121744261;0.253745570060734;0.152218113656115;0.212013021857782;0.520236484674285;0.246675766130786;0.863732082488154;0.514233030700094
"256";0.131648656352586;0.11753192302185;0.124722721990627;0.13592724197846;0.188545844530683;0.28133320287241;0.134025787490322;0.233980945700937;0.437581222390479;0.394392086524175;0.0319098055741744
"257";0.115565371318886;0.148382736727848;0.144793470218744;0.0667199922898663;0.0682024930298659;0.309558510132441;0.277926709316789;0.167353534068772;0.340913294492878;0.304294678295155;0.0293656319541807
"258";0.143908640187866;0.107021560100983;0.154501670222458;0.111502060144235;0.170015152212996;0.167225609680278;0.149244908072693;0.285104787084004;0.444483623231486;0.572039500869955;0.0175430812057549
"259";0.102806780272576;0.108919992331241;0.119440503842005;0.0992556335140549;0.24837588834475;0.222450949392566;0.107901713255755;0.123851312948513;0.336215655262695;0.0345668331241941;0.240957281330627
"260";0.0175179299679026;0.0472485738422567;0.0245076116357013;0.0325223670331477;0.081122871884927;0.0696649183634173;0.059393912597058;0.0996263287413018;NA;0.0654888141551955;0.114369344663777
"261";0.0229461336060349;0.0161614073113396;0.0316407601338551;0.0409007021721591;0.0908535832173822;0.06558201823311;0.0464189028145568;0.0997963979755641;NA;0.0503982163413982;0.0671716896702308
"262";0.0635786361399978;0.229312934209515;0.108631837211948;0.115868226877185;0.1972028689046;0.112222229875527;0.222879909726528;0.225330722771976;0.555524257968936;0.174265517354912;0.181433026136493
"263";0.0444428751488136;0.0750922588139099;0.0606922650229811;0.0670779244340051;0.0796402654977134;0.123827557439576;0.10225630841579;0.242561357236836;0.529663235149629;0.0404029944340085;0.117889188940779
"264";0.0488937836176495;0.171893311273096;0.0909638210704292;0.0946595691531729;0.169891586951533;0.0982381296527407;0.156578408067988;0.209868932544477;0.549969211012946;0.183543528309455;0.220386836917209
"265";0.0770480532145597;0.0333428214198299;0.0943771296506689;0.0916723510844433;0.132252585483114;0.179155482172933;0.0509685203567527;0.16174396111075;0.31351101310632;0.075697923272644;0.146080819366812
"266";0.065795106599852;0.060498555535793;0.0737895755404972;0.0890687071734328;0.0761958528504393;0.148826521311411;0.0590714953760677;0.117662548231231;0.363499571911137;0.0477675512670936;0.0882396616507247
"267";0.0533599451078746;0.0832491259316226;0.0695577211227199;0.0541410390011089;0.0925958068343174;0.180892288819403;0.103683498398994;0.135489953436885;0.0375952741077809;0.166043357181018;0.284196997858215
"268";0.0528827854462931;0.130434817292548;0.0602427782929145;0.0747069929104396;0.0513292205045356;0.138138650516623;0.0672882042038721;0.113282468129164;0.474329428619931;0.0371483105267297;0.0964683409168856
"269";0.0574091399515723;0.0442298502930797;0.0676470054841311;0.069859870384202;0.0821027323194487;0.151731091386846;0.0551487365724806;0.127183455610908;0.304036650850396;0.0776488614402201;0.0992569491152722
"270";0.0694369719367704;0.0357538218605256;0.0860287471875513;0.0718707958204464;0.104616521252655;0.136907929981744;0.0475115674479866;0.121595683175272;0.259343983853574;0.114036709619554;0.114522379568484
"271";0.0754526364800788;0.0234390880397108;0.0845283059924368;0.0750263603119899;0.114083207434485;0.158023909489851;0.0575380128720474;0.194763167342816;0.318544662905682;0.0925340402309969;0.130779882756908
"272";0.0886575497952126;0.02485100965055;0.100010954106817;0.097932978258638;0.125687987594542;0.169390873284048;0.0517978875335204;0.165236387083815;0.368810950441006;0.0803976424779606;0.123527446101044
"273";0.0637586244749886;0.0304285208830745;0.0850308481393764;0.0851288777389726;0.103968758074522;0.139424097840129;0.0646663881584775;0.16092103238855;0.476991566458855;0.0500792647789463;0.137269039494234
"274";0.061582040582102;0.139870754264237;0.0988433038808915;0.0515204026381635;0.131757434982619;0.0978697996694243;0.103693099851588;0.196592775574868;NA;0.0952432041637915;0.183397010715931
"275";0.0234480059894569;0.0785693162879217;0.0406203383025409;0.0573163863139384;0.126163254312973;0.0493664732050964;0.056812023456152;0.132476167350013;NA;0.0282867906191907;0.0671194351422681
"276";0.0308403009483697;0.0388057644796161;0.0624580323437995;0.129691740788616;0.0413458997797181;0.212928996165827;0.206037242031679;0.0800155406506641;0.064496683303476;0.0454163670424582;0.07843808098974
"277";0.0480537611429302;0.162786469139955;0.0870643614634724;0.0816687909921751;0.0819716118469361;0.0986548207547766;0.0897356896272056;0.191597883673332;0.494428516877097;0.0375204703426861;0.0908236990176935
"278";0.0450596432638862;0.154560416777846;0.0934960009415187;0.071725438005693;0.0770644358757278;0.0718192469115695;0.0865105731805289;0.0931481309895144;NA;0.0643331144241851;0.090714418661938
"279";0.0647339096931749;0.0912436577162438;0.0967124767084134;0.0727720272552448;0.135815113645932;0.0705260961200315;0.0866364153059554;0.139053904919721;0.287607870892827;0.0907544707650615;0.0741865620170347
"280";0.0592884578801128;0.187038319636172;0.0857980505298605;0.0967444460558118;0.0787576333747224;0.142488965732111;0.0790815730503275;0.154079781431982;0.434773371094313;0.103088012939806;0.104047233674544
"281";0.0649946769364376;0.175471771820062;0.0836457890879094;0.0979066713342054;0.0658176592550156;0.107078599110227;0.105060376190014;0.206286122708128;0.319483190683574;0.17985341573847;0.126448221183876
"282";0.0440410565814516;0.0512570139397022;0.0700062516842559;0.108894272108262;0.0722133460537641;0.138173795863491;0.12733789890507;0.210948867381713;0.487848316718325;0.0892659897285943;0.0913565931101025
"283";0.0849735248924556;0.124143662123312;0.0942062145750493;0.107306610985902;0.0902940133683611;0.153008931101552;0.0725092971498079;0.254205122731708;0.235863841117255;0.28415067980776;0.193205796857709
"284";0.0783819838884757;0.108356825294878;0.107818933196792;0.110835428897521;0.169688633812152;0.118301160466873;0.117872107589843;0.162522156102133;0.427918395748247;0.102091718467534;0.185222489985212
"285";0.0683788914658959;0.134574047918085;0.0924687186853674;0.0826759619961201;0.137189275994694;0.102803274421058;0.105087043723648;0.198482164726764;0.284180225042969;0.165160919118649;0.116559080553689
"286";0.0766897990412708;0.130344901928115;0.113953736770674;0.115042084031795;0.169636302801538;0.0861851041493814;0.148383756105945;0.171166552921721;0.116952984732069;0.208672175397475;0.261634322532905
"287";0.0514465704319671;0.0496897606736989;0.0703814298658395;0.0810953009572988;0.0845433502746848;0.0820536587026121;0.122987370230519;0.335363369849883;0.305629174242075;0.109987370418954;0.267020649557166
"288";0.0593573616146838;0.255611865407015;0.115709018738809;0.118959950771759;0.248741538840729;0.116346819516449;0.314938918568837;0;0.166149955174685;0.216436149181179;0.296017454646713
"289";0.284641808749008;0.0845085695902669;0.254373804150271;0.291673596583468;0.122868085558072;0.193872093203777;0.17753488255093;0.304929069483381;0.407772455984166;0.559142131170586;0.28802910493374
"290";0.120463444455065;0.0471137189340694;0.0993715275460392;0.150322115250708;0.159018621487689;0.148375949722442;0.138038400860845;0.645265683074777;0.413086450326064;0.266709283401812;0.0232712350217454
"291";0.161351331071957;0.0695794167579226;0.135146592179941;0.200372470959263;0.244379025912795;0.189488027244536;0.186801723780098;0.678953607620271;0.445757918632799;0.315574083314348;0.0328784665251801
"292";0.158434166704269;0.170952489716271;0.199780481210051;0.11034299721008;0.0968876212057687;0.183356446088386;0.0822895383458553;0.0846578803270175;0.222059967861382;0.237969850638977;0.180614072712627
"293";0.0917414027962904;0.227021658860289;0.125953374701316;0.0942609846730362;0.0748226621147321;0.166173913393837;0.116726665703685;0.253524116492747;0.130341445660668;0.411056378576572;0.112591991983335
"294";0.0947432753129068;0.156196061132641;0.110774009149072;0.119186959433285;0.114177371927038;0.143547793919687;0.0954569746837873;0.206384535599904;0.214546355697179;0.276474266865112;0.164643602704773
"295";0.409992108089366;0.102549703535392;0.346252291023019;0.383684071063341;0.174308294848092;0.210484126478874;0.163781340221624;0.325426549760698;0.323135196177062;0.322328945088676;0.302385334500636
"296";0.187133202140179;0.0481243365078633;0.14984940882906;0.175956508745956;0.114135217880378;0.128775958207341;0.0924551304799164;0.501322447338139;0.463257678075419;0.625873407768545;0.111362207488363
"297";0.234610458915014;0.0272981027056009;0.202271854175205;0.227403423898595;0.0631244947715432;0.137174361185147;0.0670650526241321;0.326949837846002;0.165859870192247;0.283418310852477;0.351784417731068
"298";0.14343707339514;0.029077245229491;0.144960834185171;0.13099454717377;0.115933994071772;0.129085872226032;0.072193331732063;0.160806343600864;0.50119725940309;0.193079419348333;0.176622945518415
"299";0.137184508676844;0.028492755870449;0.13546416232237;0.134626663957423;0.128056196798001;0.120040451064384;0.0721333968652287;0.225524917866688;0.568892614739429;0.233482224251286;0.199482573816791
"300";0.0685681957930298;0.0352229599262702;0.0814346501132406;0.0528621345670981;0.0912625925891404;0.10795364728081;0.0428439411857275;0.154822083408847;0.0872558065004155;0.0645755227944393;0.077220883382789
"301";0.372924480725994;0.122443843448142;0.320421151354621;0.370898293692238;0.214868392363587;0.204856050200375;0.175780070409459;0.455346550822424;0.424499634512737;0.420129669928059;0.333705504225671
"302";0.428010320201898;0.129800225140237;0.357584599154415;0.428950563703008;0.216244953561857;0.211469496119208;0.189095089761927;0.436610387120748;0.420439326800197;0.336379389877839;0.430886820811466
"303";0.251459260385185;0.122106112490561;0.241216235387455;0.251950299965579;0.224000676498353;0.203745526157593;0.171856445190625;0.374559605576208;0.349405609537057;0.467074514989064;0.452809422485477
"304";0.126319157784048;0.170549754821988;0.142537212056959;0.137725978282356;0.276870972526475;0.253222748640867;0.208585802478457;0.30140567684778;0.273288575212434;0.177357172871027;0.169932410422799
"305";0.123535339050543;0.0556825832741029;0.150603216124975;0.142199118015593;0.139554397304868;0.147653533670459;0.0925613380912188;0.266006940906939;0.429586491929924;0.145934088766668;0.285616280026383
"306";0.0848383852212892;0.0553594181171689;0.102630131547356;0.0995309980547786;0.130909181284526;0.134103464009432;0.0688839259565695;0.246701206947087;0.389720637996383;0.153903755707421;0.191462407688792
"307";0.0848543427376129;0.0514634681837943;0.10450043297139;0.0991961708011301;0.126586249804427;0.111991302688931;0.0678831111638827;0.35108846676448;NA;0.225183196213513;0.282394301653339
"308";0.124963591117146;0.0598895364770475;0.153845789636143;0.145380987352198;0.128019383321897;0.142183335361924;0.0989889272171236;0.286191900697811;0.446739451002077;0.346891328220242;0.33208632314653
"309";0.14535952647094;0.0911519199560485;0.175961058927738;0.179499708782111;0.125532232229228;0.134249386981478;0.123473172995434;0.628014257904493;0.0731154776881924;0.779621643827882;0.184624194152054
"310";0.0238183369502178;0.162667022102333;0.0509197282604529;0.0575336518682829;0.0635442481967249;0.0861179386854631;0.103816969006086;0.17497257215885;NA;0.074855445814782;0.118432531592677
"311";0.00945633214893777;0.20041424892366;0.0294877860987555;0.038134335550194;0.0319984269621298;0.122609502189443;0.0471956416989047;0.163952119647364;NA;0.0178205288181298;0.0663240259475398
"312";0.00830408395202912;0.144798861771368;0.0255192074685098;0.0402251452174411;0.0509263479078555;0.0366312831375323;0.0742912399173254;0.157229885394365;NA;0.0299324632972824;0.0693073551433821
"313";0.0914936231327247;0.0676981096582741;0.100668710065299;0.11215531489693;0.0454373040915478;0.117360824182432;0.0606035362438088;0.12867987408695;0.389668457178098;0.0471370009541971;0.0880629324157169
"314";0.265796554433892;0.0556354330960533;0.224247972790664;0.276498427264355;0.127984723063667;0.101993506785927;0.140386948894069;0.515256111808078;0.508979486053463;0.325013799639939;0.100530383706464
"315";0.214656664277577;0.0412954124570721;0.18678764297157;0.215715171852973;0.0918928260563355;0.103652455876812;0.0957311181531793;0.319325456943097;0.465838471373203;0.3393021521542;0.157668711311163
"316";0.182025531010991;0.0612825619142563;0.224617341162105;0.126320035053414;0.185524333976742;0.159203297324071;0.141304840602106;0.121178954675404;0.36689808569671;0.11788586532014;0.126367652023556
"317";0.0586479346219744;0.108682528998927;0.0741639248456401;0.0578068053454784;0.126687685030112;0.0914199188031771;0.124284068828626;0.209333806842469;0.275743339784491;0.15788198870967;0.120436805522308
"318";0.176227207001758;0.048888849861694;0.222750530803187;0.148539308682051;0.216443612570951;0.238339869521493;0.264091894911318;0.184513469915388;0.189549270919363;0.362253041436176;0.342002646451443
"319";0.0387564950231535;0.0417470534058092;0.0484830792801881;0.0564751536104303;0.0668205399483016;0.0664133713488132;0.0627205251321804;0.142165357909718;NA;0.0982066814070285;0.202847822290931
"320";0.0419506254368831;0.0237475224611039;0.0491100210360269;0.0587273973510931;0.0768544178757744;0.0805247411040414;0.0709550143693791;0.0921501184356533;NA;0.0566237392780573;0.130150736856513
"321";0.0220424797165558;0.0346023247429587;0.0300652372214507;0.032761347002758;0.0782484746985606;0.0817711586741651;0.0424356132493116;0.100969715043698;NA;0.0484835792992362;0.060028271313795
"322";0.0688039680501114;0.101524327338727;0.108790432044055;0.135397275444225;0.144941686518095;0.163191060833044;0.154806974844746;0.228826968710507;0.684024636254524;0.115612506678357;0.1598421446823
"323";0.0693912196662411;0.0665154079490883;0.107384927648982;0.165352669627031;0.0982384608528627;0.202366524312868;0.135427091917482;0.14513517063458;0.577914055989747;0.069912923946266;0.0967364028671376
"324";0.0589304968001337;0.0667532828646156;0.0819486208751043;0.154679689192815;0.103743190361049;0.208836400961563;0.0948672108469449;0.123664708774566;0.533918318946299;0.158970315256146;0.0961792065295312
"325";0.0601345744996533;0.21367130710692;0.0969378355976012;0.121650016422054;0.0948192780618389;0.158192299931318;0.116788482152598;0.195340857346588;0.504980371893624;0.0782004149689293;0.094953388776575
"326";0.104549199806451;0.125920597486197;0.14093184070958;0.0773884857196339;0.169403554150256;0.131096852987644;0.128171527855874;0.071432930831396;0.154299908513256;0.0518128308002842;0.124753244118119
"327";0.0439419355460966;0.17670117629956;0.0709575572989231;0.0767783322936223;0.0629817224723883;0.132097450298878;0.0708852183312243;0.17582178712231;NA;0.297284374144836;0.212936465381918
"328";0.0701132415568175;0.118675959199034;0.0919618669706654;0.183725757620895;0.184088842752406;0.332717562531763;0.106469227328787;0.269445864890516;0.26457178738017;0.516713705017835;0.15901993221386
"329";0.0597636524799256;0.0615435654689627;0.0779223495226279;0.094539139541492;0.0493094986644248;0.190267013852946;0.0933692916116706;0.138044038057363;0.296175061716332;0.13842095777835;0.124481711985605
"330";0.134206390202077;0.149466974084103;0.158725930138492;0.108628416151875;0.074374086712536;0.197552234052981;0.134713195486459;0.214105574200674;0.210339446676213;0.316088923169958;0.128237349932167
"331";0.111308349079909;0.032430206104352;0.142120602463195;0.0782857859943589;0.194636728739538;0.106650925641347;0.119563142155269;0.211131548465897;NA;0.116629251502612;0.119842129354634
"332";0.0426604825770285;0.0479204039399924;0.0652230250589344;0.0651443708193999;0.160747296804312;0.1508781954183;0.116577284465051;0.11401086055667;NA;0.0889959264392892;0.114336079580071
"333";0.0722431090728381;0.0453977596925498;0.0821278327979895;0.081108976460533;0.19381397834355;0.0749939615673721;0.178014110781422;0.0832054134218395;0.205983496285671;0.131396009170559;0.127483753354992
"334";0.0586180073626849;0.0505714244107012;0.0753343931320023;0.0947548518323304;0.0623890868997285;0.237312976535925;0.0821518505352951;0.187545347304303;0.227377224450004;0.154676297949233;0.119892721715559
"335";0.087819898936293;0.0782833910921797;0.0793559348280581;0.113802771564742;0.105586873954871;0.314981804250531;0.0899947933156926;0.186456853870572;0.341496970779299;0.331872945766334;0.03995953957533
"336";0.125367321335231;0.114722986870012;0.112421349570476;0.0727489103335488;0.0714778350130053;0.204828105453401;0.116103477721078;0.18888007523816;0.292585241280965;0.27607555548074;0.143685111666843
"337";0.161361638978672;0.233909425718579;0.174895403301874;0.181759759630845;0.115854419374098;0.1804421121238;0.15646697944569;0.427072796686738;0.156817314381955;0.799834944109015;0.174584168510154
"338";0.0718758899788235;0.19590981440683;0.106276537953813;0.127260595169709;0.126386325907313;0.174658385539469;0.104796473954223;0.296553332410037;0.173487179213141;0.464411918698979;0.214074644543668
"339";0.115151669659552;0.367938874549453;0.153128794858165;0.173321788102656;0.285633400005414;0.163648119375642;0.160542832694619;0.517630464340526;0.143009415474175;0.717757832599052;0.266635954844745
"340";0.0740237082844524;0.293936757403416;0.162388199546644;0.13980159499134;0.20586831508365;0.265500211345245;0.326129615824318;0.392536582405936;0.547150691901557;0.489390909500724;0.382230356436099
"341";0.0344837479322185;0.293751345435933;0.0844960251021096;0.0893999218290307;0.109822008226712;0.668495278558039;0.279213371880291;0.227968078691308;0.230870369105332;0.10166807390532;0.162076935735378
"342";0.0249321082589364;0.260468971549984;0.139466467315964;0.16191944883531;0.0393571983829409;0.982508411772512;0.279922954846243;0.37716403025374;0.0837493301036581;0.025377175407164;0.199192663179669
"343";0.0559590167911467;0.0652030650473728;0.10076785530992;0.100318650331139;0.158740120390021;0.0977173222941734;0.0713535671752441;0.343062066303304;0.398747929165757;0.10375834771151;0.147817094186231
"344";0.0767129773997065;0.0449823866070073;0.101910119069445;0.100324208549032;0.101419010129474;0.0976056547224374;0.0766198487999956;0.361431271934622;0.497229433317393;0.326125275209395;0.184930522930015
"345";0.149608760487511;0.0769157607433387;0.176598997965651;0.168905483604542;0.149434570702211;0.152711149923492;0.103327998564637;0.306854794290174;0.540051613567736;0.254541121521403;0.281408759229143
