"p";"q";"Pooling";"Site_ID";"Method";"Type";"Scale_obs"
"1";0.750184482054015;0.125871600376957;5;1;"Rejection";"Sim";5
"6187590";0.78243401603865;0.0281878592387366;5;1;"Rejection";"Obs";5
"11";0.750553773406783;0.124817994883844;4;1;"Rejection";"Sim";4
"6187589";0.78243401603865;0.0281878592387366;4;1;"Rejection";"Obs";4
"12";0.757838434677589;0.10510008611349;3;1;"Rejection";"Sim";3
"6187588";0.78243401603865;0.0281878592387366;3;1;"Rejection";"Obs";3
"13";0.759675457190071;0.0984934805645068;2;1;"Rejection";"Sim";2
"6187587";0.78243401603865;0.0281878592387366;2;1;"Rejection";"Obs";2
"14";0.760349900750767;0.0991676517544016;1;1;"Rejection";"Sim";1
"6187586";0.78243401603865;0.0281878592387366;1;1;"Rejection";"Obs";1
"15";0.6359453239748;0.641586610638423;5;2;"Rejection";"Sim";5
"670290";0.643520362550594;0.650258132599475;5;2;"Rejection";"Obs";5
"16";0.640618273815228;0.637654607018724;4;2;"Rejection";"Sim";4
"670289";0.643520362550594;0.650258132599475;4;2;"Rejection";"Obs";4
"17";0.631270382525142;0.647615185711418;3;2;"Rejection";"Sim";3
"670288";0.643520362550594;0.650258132599475;3;2;"Rejection";"Obs";3
"18";0.635157571950536;0.643672157636787;2;2;"Rejection";"Sim";2
"670287";0.643520362550594;0.650258132599475;2;2;"Rejection";"Obs";2
"19";0.632604374130487;0.644543579949203;1;2;"Rejection";"Sim";1
"670286";0.643520362550594;0.650258132599475;1;2;"Rejection";"Obs";1
"110";0.549604349790754;0.657172998847976;5;3;"Rejection";"Sim";5
"5862990";0.532644922967497;0.683197050199978;5;3;"Rejection";"Obs";5
"111";0.54705835662598;0.661031122289721;4;3;"Rejection";"Sim";4
"5862989";0.532644922967497;0.683197050199978;4;3;"Rejection";"Obs";4
"112";0.539134325075777;0.672842925204146;3;3;"Rejection";"Sim";3
"5862988";0.532644922967497;0.683197050199978;3;3;"Rejection";"Obs";3
"113";0.54295775549744;0.667912435378717;2;3;"Rejection";"Sim";2
"5862987";0.532644922967497;0.683197050199978;2;3;"Rejection";"Obs";2
"114";0.528004857752371;0.690868390245337;1;3;"Rejection";"Sim";1
"5862986";0.532644922967497;0.683197050199978;1;3;"Rejection";"Obs";1
"115";0.780938074027321;0.72833628264195;5;4;"Rejection";"Sim";5
"3426425";0.812322467443241;0.704082201487972;5;4;"Rejection";"Obs";5
"116";0.781104829811568;0.72768218183931;4;4;"Rejection";"Sim";4
"3426424";0.812322467443241;0.704082201487972;4;4;"Rejection";"Obs";4
"117";0.794471899411171;0.719165296422319;3;4;"Rejection";"Sim";3
"3426423";0.812322467443241;0.704082201487972;3;4;"Rejection";"Obs";3
"118";0.794254200027227;0.719996570321054;2;4;"Rejection";"Sim";2
"3426422";0.812322467443241;0.704082201487972;2;4;"Rejection";"Obs";2
"119";0.814452354787236;0.711198295293757;1;4;"Rejection";"Sim";1
"3426421";0.812322467443241;0.704082201487972;1;4;"Rejection";"Obs";1
"120";0.751431134182668;0.284416739120427;5;5;"Rejection";"Sim";5
"6374470";0.782393241533135;0.223706304225068;5;5;"Rejection";"Obs";5
"121";0.758757104673732;0.271155678499072;4;5;"Rejection";"Sim";4
"6374469";0.782393241533135;0.223706304225068;4;5;"Rejection";"Obs";4
"122";0.740177055123724;0.308078931265942;3;5;"Rejection";"Sim";3
"6374468";0.782393241533135;0.223706304225068;3;5;"Rejection";"Obs";3
"123";0.735818963791122;0.314491343304045;2;5;"Rejection";"Sim";2
"6374467";0.782393241533135;0.223706304225068;2;5;"Rejection";"Obs";2
"124";0.748853855519716;0.288323947508835;1;5;"Rejection";"Sim";1
"6374466";0.782393241533135;0.223706304225068;1;5;"Rejection";"Obs";1
"125";0.837771504239602;0.196625307699444;5;6;"Rejection";"Sim";5
"6211015";0.888806425490168;0.0862193966353168;5;6;"Rejection";"Obs";5
"126";0.843378405089315;0.185974680644798;4;6;"Rejection";"Sim";4
"6211014";0.888806425490168;0.0862193966353168;4;6;"Rejection";"Obs";4
"127";0.844570944622883;0.182648150579151;3;6;"Rejection";"Sim";3
"6211013";0.888806425490168;0.0862193966353168;3;6;"Rejection";"Obs";3
"128";0.85579378120396;0.163122982803282;2;6;"Rejection";"Sim";2
"6211012";0.888806425490168;0.0862193966353168;2;6;"Rejection";"Obs";2
"129";0.868448385453236;0.144071724808788;1;6;"Rejection";"Sim";1
"6211011";0.888806425490168;0.0862193966353168;1;6;"Rejection";"Obs";1
"130";0.779055905595595;0.185900109953042;5;7;"Rejection";"Sim";5
"2488450";0.775532870849856;0.180385762056798;5;7;"Rejection";"Obs";5
"131";0.780027297245413;0.183783293792906;4;7;"Rejection";"Sim";4
"2488449";0.775532870849856;0.180385762056798;4;7;"Rejection";"Obs";4
"132";0.777903447534041;0.190054783325577;3;7;"Rejection";"Sim";3
"2488448";0.775532870849856;0.180385762056798;3;7;"Rejection";"Obs";3
"133";0.773173102364355;0.199836112931716;2;7;"Rejection";"Sim";2
"2488447";0.775532870849856;0.180385762056798;2;7;"Rejection";"Obs";2
"134";0.785650105146778;0.173320797168665;1;7;"Rejection";"Sim";1
"2488446";0.775532870849856;0.180385762056798;1;7;"Rejection";"Obs";1
"135";0.700508516649185;0.477779648082282;5;8;"Rejection";"Sim";5
"2014290";0.703742884955491;0.48032083445034;5;8;"Rejection";"Obs";5
"136";0.702081952979113;0.475651340060523;4;8;"Rejection";"Sim";4
"2014289";0.703742884955491;0.48032083445034;4;8;"Rejection";"Obs";4
"137";0.69960662424979;0.479740457953188;3;8;"Rejection";"Sim";3
"2014288";0.703742884955491;0.48032083445034;3;8;"Rejection";"Obs";3
"138";0.703148832632875;0.47651371000542;2;8;"Rejection";"Sim";2
"2014287";0.703742884955491;0.48032083445034;2;8;"Rejection";"Obs";2
"139";0.68588978407498;0.497047340274044;1;8;"Rejection";"Sim";1
"2014286";0.703742884955491;0.48032083445034;1;8;"Rejection";"Obs";1
"140";0.768104985537473;0.411553781568808;5;9;"Rejection";"Sim";5
"2917110";0.770038609360129;0.42165616807619;5;9;"Rejection";"Obs";5
"141";0.766574496746096;0.413737414144113;4;9;"Rejection";"Sim";4
"2917109";0.770038609360129;0.42165616807619;4;9;"Rejection";"Obs";4
"142";0.775259489850094;0.400348369173449;3;9;"Rejection";"Sim";3
"2917108";0.770038609360129;0.42165616807619;3;9;"Rejection";"Obs";3
"143";0.781505358926999;0.391774909621697;2;9;"Rejection";"Sim";2
"2917107";0.770038609360129;0.42165616807619;2;9;"Rejection";"Obs";2
"144";0.780089221044336;0.39748221073223;1;9;"Rejection";"Sim";1
"2917106";0.770038609360129;0.42165616807619;1;9;"Rejection";"Obs";1
"145";0.786513526874879;0.24636989814323;5;10;"Rejection";"Sim";5
"6158900";0.803410764290141;0.213800544325178;5;10;"Rejection";"Obs";5
"146";0.792128628370287;0.235740194006867;4;10;"Rejection";"Sim";4
"6158899";0.803410764290141;0.213800544325178;4;10;"Rejection";"Obs";4
"147";0.787683622552277;0.244714127160138;3;10;"Rejection";"Sim";3
"6158898";0.803410764290141;0.213800544325178;3;10;"Rejection";"Obs";3
"148";0.787948018495444;0.24285811229613;2;10;"Rejection";"Sim";2
"6158897";0.803410764290141;0.213800544325178;2;10;"Rejection";"Obs";2
"149";0.781159555603314;0.252488564656839;1;10;"Rejection";"Sim";1
"6158896";0.803410764290141;0.213800544325178;1;10;"Rejection";"Obs";1
"150";0.698347031010641;0.264730345334145;5;11;"Rejection";"Sim";5
"4416405";0.730165961358158;0.192126751484274;5;11;"Rejection";"Obs";5
"151";0.701244501103626;0.258385384185673;4;11;"Rejection";"Sim";4
"4416404";0.730165961358158;0.192126751484274;4;11;"Rejection";"Obs";4
"152";0.704797046116321;0.251233252924278;3;11;"Rejection";"Sim";3
"4416403";0.730165961358158;0.192126751484274;3;11;"Rejection";"Obs";3
"153";0.704933813532193;0.250579759496412;2;11;"Rejection";"Sim";2
"4416402";0.730165961358158;0.192126751484274;2;11;"Rejection";"Obs";2
"154";0.720364189596293;0.21363349581634;1;11;"Rejection";"Sim";1
"4416401";0.730165961358158;0.192126751484274;1;11;"Rejection";"Obs";1
"155";0.780073854579904;0.237028463686947;5;12;"Rejection";"Sim";5
"3347715";0.798759251903651;0.211625407540693;5;12;"Rejection";"Obs";5
"156";0.769957475875461;0.257087295248183;4;12;"Rejection";"Sim";4
"3347714";0.798759251903651;0.211625407540693;4;12;"Rejection";"Obs";4
"157";0.786063761134949;0.226111413149574;3;12;"Rejection";"Sim";3
"3347713";0.798759251903651;0.211625407540693;3;12;"Rejection";"Obs";3
"158";0.770208163990803;0.257268011946643;2;12;"Rejection";"Sim";2
"3347712";0.798759251903651;0.211625407540693;2;12;"Rejection";"Obs";2
"159";0.770441917342645;0.251540191092998;1;12;"Rejection";"Sim";1
"3347711";0.798759251903651;0.211625407540693;1;12;"Rejection";"Obs";1
"160";0.800231292899889;0.400328423049996;5;13;"Rejection";"Sim";5
"6629500";0.789811903098625;0.410204679123776;5;13;"Rejection";"Obs";5
"161";0.802598108146245;0.397107947117918;4;13;"Rejection";"Sim";4
"6629499";0.789811903098625;0.410204679123776;4;13;"Rejection";"Obs";4
"162";0.799138194693983;0.402334035373187;3;13;"Rejection";"Sim";3
"6629498";0.789811903098625;0.410204679123776;3;13;"Rejection";"Obs";3
"163";0.832751395238929;0.356833191463309;2;13;"Rejection";"Sim";2
"6629497";0.789811903098625;0.410204679123776;2;13;"Rejection";"Obs";2
"164";0.820464000733417;0.377245426557475;1;13;"Rejection";"Sim";1
"6629496";0.789811903098625;0.410204679123776;1;13;"Rejection";"Obs";1
"165";0.793336904062674;0.29868858297987;5;14;"Rejection";"Sim";5
"4723360";0.815107739950533;0.240676800289666;5;14;"Rejection";"Obs";5
"166";0.792893235199808;0.29940380720591;4;14;"Rejection";"Sim";4
"4723359";0.815107739950533;0.240676800289666;4;14;"Rejection";"Obs";4
"167";0.795185952239063;0.294961652675549;3;14;"Rejection";"Sim";3
"4723358";0.815107739950533;0.240676800289666;3;14;"Rejection";"Obs";3
"168";0.801723653521239;0.282695630936355;2;14;"Rejection";"Sim";2
"4723357";0.815107739950533;0.240676800289666;2;14;"Rejection";"Obs";2
"169";0.793121033207704;0.296166826870499;1;14;"Rejection";"Sim";1
"4723356";0.815107739950533;0.240676800289666;1;14;"Rejection";"Obs";1
"170";0.600774400213525;0.459027541099909;5;15;"Rejection";"Sim";5
"3069985";0.595190169313612;0.467400801736501;5;15;"Rejection";"Obs";5
"171";0.594696649088881;0.473303648628756;4;15;"Rejection";"Sim";4
"3069984";0.595190169313612;0.467400801736501;4;15;"Rejection";"Obs";4
"172";0.592226078823227;0.479131222249351;3;15;"Rejection";"Sim";3
"3069983";0.595190169313612;0.467400801736501;3;15;"Rejection";"Obs";3
"173";0.586362853126445;0.493123795353384;2;15;"Rejection";"Sim";2
"3069982";0.595190169313612;0.467400801736501;2;15;"Rejection";"Obs";2
"174";0.583766833357646;0.500067176288155;1;15;"Rejection";"Sim";1
"3069981";0.595190169313612;0.467400801736501;1;15;"Rejection";"Obs";1
"175";0.435792970053391;0.878031489533681;5;16;"Rejection";"Sim";5
"2011565";0.436183362898214;0.877065714720886;5;16;"Rejection";"Obs";5
"176";0.433618741308461;0.879188937814161;4;16;"Rejection";"Sim";4
"2011564";0.436183362898214;0.877065714720886;4;16;"Rejection";"Obs";4
"177";0.438626037875756;0.876793286103054;3;16;"Rejection";"Sim";3
"2011563";0.436183362898214;0.877065714720886;3;16;"Rejection";"Obs";3
"178";0.449688216436267;0.870780296299234;2;16;"Rejection";"Sim";2
"2011562";0.436183362898214;0.877065714720886;2;16;"Rejection";"Obs";2
"179";0.440662155532488;0.8765497496136;1;16;"Rejection";"Sim";1
"2011561";0.436183362898214;0.877065714720886;1;16;"Rejection";"Obs";1
"180";0.467443212927236;0.897752127702782;5;17;"Rejection";"Sim";5
"2774130";0.503474263272559;0.881176094631417;5;17;"Rejection";"Obs";5
"181";0.464714949992307;0.898881061091959;4;17;"Rejection";"Sim";4
"2774129";0.503474263272559;0.881176094631417;4;17;"Rejection";"Obs";4
"182";0.462181453980932;0.901659331864059;3;17;"Rejection";"Sim";3
"2774128";0.503474263272559;0.881176094631417;3;17;"Rejection";"Obs";3
"183";0.464679772750146;0.900201113483395;2;17;"Rejection";"Sim";2
"2774127";0.503474263272559;0.881176094631417;2;17;"Rejection";"Obs";2
"184";0.47705751174397;0.894265128889981;1;17;"Rejection";"Sim";1
"2774126";0.503474263272559;0.881176094631417;1;17;"Rejection";"Obs";1
"185";0.758697320605513;0.406301785391205;5;18;"Rejection";"Sim";5
"2006025";0.775112780548076;0.392495655430358;5;18;"Rejection";"Obs";5
"186";0.761103876005777;0.4034554063832;4;18;"Rejection";"Sim";4
"2006024";0.775112780548076;0.392495655430358;4;18;"Rejection";"Obs";4
"187";0.748360404902174;0.421764561969989;3;18;"Rejection";"Sim";3
"2006023";0.775112780548076;0.392495655430358;3;18;"Rejection";"Obs";3
"188";0.733622748111145;0.43934798306399;2;18;"Rejection";"Sim";2
"2006022";0.775112780548076;0.392495655430358;2;18;"Rejection";"Obs";2
"189";0.762942100833659;0.40278359234551;1;18;"Rejection";"Sim";1
"2006021";0.775112780548076;0.392495655430358;1;18;"Rejection";"Obs";1
"190";0.88988020691557;0.178580799859831;5;19;"Rejection";"Sim";5
"1885245";0.929419788462138;0.111952660985109;5;19;"Rejection";"Obs";5
"191";0.895396669187367;0.170266227031111;4;19;"Rejection";"Sim";4
"1885244";0.929419788462138;0.111952660985109;4;19;"Rejection";"Obs";4
"192";0.895081668951213;0.169808329860497;3;19;"Rejection";"Sim";3
"1885243";0.929419788462138;0.111952660985109;3;19;"Rejection";"Obs";3
"193";0.890825056510649;0.175314763687808;2;19;"Rejection";"Sim";2
"1885242";0.929419788462138;0.111952660985109;2;19;"Rejection";"Obs";2
"194";0.924157188247698;0.130294709869694;1;19;"Rejection";"Sim";1
"1885241";0.929419788462138;0.111952660985109;1;19;"Rejection";"Obs";1
"195";0.833857685967521;0.0538169476511119;5;20;"Rejection";"Sim";5
"450385";0.837126236983812;0.0564638588669892;5;20;"Rejection";"Obs";5
"196";0.835288768892348;0.05135499441476;4;20;"Rejection";"Sim";4
"450384";0.837126236983812;0.0564638588669892;4;20;"Rejection";"Obs";4
"197";0.837502705433346;0.047329085449478;3;20;"Rejection";"Sim";3
"450383";0.837126236983812;0.0564638588669892;3;20;"Rejection";"Obs";3
"198";0.837032024496438;0.0474052983119454;2;20;"Rejection";"Sim";2
"450382";0.837126236983812;0.0564638588669892;2;20;"Rejection";"Obs";2
"199";0.83433617180929;0.0463592561951856;1;20;"Rejection";"Sim";1
"450381";0.837126236983812;0.0564638588669892;1;20;"Rejection";"Obs";1
"1100";0.466340752204502;0.91465501525648;5;21;"Rejection";"Sim";5
"1341800";0.467042338499523;0.919668243888979;5;21;"Rejection";"Obs";5
"1101";0.468281324118423;0.914146230328556;4;21;"Rejection";"Sim";4
"1341799";0.467042338499523;0.919668243888979;4;21;"Rejection";"Obs";4
"1102";0.461055160908529;0.917420610335979;3;21;"Rejection";"Sim";3
"1341798";0.467042338499523;0.919668243888979;3;21;"Rejection";"Obs";3
"1103";0.452475527530328;0.9171998185742;2;21;"Rejection";"Sim";2
"1341797";0.467042338499523;0.919668243888979;2;21;"Rejection";"Obs";2
"1104";0.471318282257057;0.913993466261669;1;21;"Rejection";"Sim";1
"1341796";0.467042338499523;0.919668243888979;1;21;"Rejection";"Obs";1
"1105";0.838617205369913;0.127441530775353;5;22;"Rejection";"Sim";5
"3694395";0.849686009290874;0.12196295620437;5;22;"Rejection";"Obs";5
"1106";0.838343674297247;0.127646423924471;4;22;"Rejection";"Sim";4
"3694394";0.849686009290874;0.12196295620437;4;22;"Rejection";"Obs";4
"1107";0.837069503804114;0.128543835103738;3;22;"Rejection";"Sim";3
"3694393";0.849686009290874;0.12196295620437;3;22;"Rejection";"Obs";3
"1108";0.837418024335698;0.127952830607723;2;22;"Rejection";"Sim";2
"3694392";0.849686009290874;0.12196295620437;2;22;"Rejection";"Obs";2
"1109";0.821895583637173;0.15741984371203;1;22;"Rejection";"Sim";1
"3694391";0.849686009290874;0.12196295620437;1;22;"Rejection";"Obs";1
"1110";0.664222456498371;0.592055571435388;5;23;"Rejection";"Sim";5
"4079130";0.676519020765602;0.583110755726785;5;23;"Rejection";"Obs";5
"1111";0.668259666635428;0.588263320287045;4;23;"Rejection";"Sim";4
"4079129";0.676519020765602;0.583110755726785;4;23;"Rejection";"Obs";4
"1112";0.657148115172123;0.602527226642539;3;23;"Rejection";"Sim";3
"4079128";0.676519020765602;0.583110755726785;3;23;"Rejection";"Obs";3
"1113";0.66524605543206;0.592719122609414;2;23;"Rejection";"Sim";2
"4079127";0.676519020765602;0.583110755726785;2;23;"Rejection";"Obs";2
"1114";0.660557599153674;0.59677676392205;1;23;"Rejection";"Sim";1
"4079126";0.676519020765602;0.583110755726785;1;23;"Rejection";"Obs";1
"1115";0.916151803212618;0.235048473740132;5;24;"Rejection";"Sim";5
"266205";0.97005100926685;0.127513791924719;5;24;"Rejection";"Obs";5
"1116";0.909557425697576;0.24482836923067;4;24;"Rejection";"Sim";4
"266204";0.97005100926685;0.127513791924719;4;24;"Rejection";"Obs";4
"1117";0.929079782906989;0.217600016905391;3;24;"Rejection";"Sim";3
"266203";0.97005100926685;0.127513791924719;3;24;"Rejection";"Obs";3
"1118";0.915242139927132;0.239935441289977;2;24;"Rejection";"Sim";2
"266202";0.97005100926685;0.127513791924719;2;24;"Rejection";"Obs";2
"1119";0.916762605312361;0.234295775127887;1;24;"Rejection";"Sim";1
"266201";0.97005100926685;0.127513791924719;1;24;"Rejection";"Obs";1
"1120";0.759983437311216;0.111766313852036;5;25;"Rejection";"Sim";5
"1844585";0.784338803706382;0.0320213373692314;5;25;"Rejection";"Obs";5
"1121";0.761252386679681;0.107968726471604;4;25;"Rejection";"Sim";4
"1844584";0.784338803706382;0.0320213373692314;4;25;"Rejection";"Obs";4
"1122";0.759875066679975;0.111065371605352;3;25;"Rejection";"Sim";3
"1844583";0.784338803706382;0.0320213373692314;3;25;"Rejection";"Obs";3
"1123";0.76448523320762;0.099200447152762;2;25;"Rejection";"Sim";2
"1844582";0.784338803706382;0.0320213373692314;2;25;"Rejection";"Obs";2
"1124";0.756644998225645;0.115529969158507;1;25;"Rejection";"Sim";1
"1844581";0.784338803706382;0.0320213373692314;1;25;"Rejection";"Obs";1
"1125";0.611419108190073;0.823981272950133;5;26;"Rejection";"Sim";5
"4587725";0.605289205731629;0.822360374546006;5;26;"Rejection";"Obs";5
"1126";0.604998451890764;0.826367343650123;4;26;"Rejection";"Sim";4
"4587724";0.605289205731629;0.822360374546006;4;26;"Rejection";"Obs";4
"1127";0.637058525941452;0.812488122666583;3;26;"Rejection";"Sim";3
"4587723";0.605289205731629;0.822360374546006;3;26;"Rejection";"Obs";3
"1128";0.633364112843042;0.81717267409802;2;26;"Rejection";"Sim";2
"4587722";0.605289205731629;0.822360374546006;2;26;"Rejection";"Obs";2
"1129";0.642386943148215;0.811796299147553;1;26;"Rejection";"Sim";1
"4587721";0.605289205731629;0.822360374546006;1;26;"Rejection";"Obs";1
"1130";0.767769277749608;0.523376189067117;5;27;"Rejection";"Sim";5
"4659650";0.781996582932708;0.509350714902605;5;27;"Rejection";"Obs";5
"1131";0.770142271284905;0.520062658073861;4;27;"Rejection";"Sim";4
"4659649";0.781996582932708;0.509350714902605;4;27;"Rejection";"Obs";4
"1132";0.772381693681679;0.52013413818742;3;27;"Rejection";"Sim";3
"4659648";0.781996582932708;0.509350714902605;3;27;"Rejection";"Obs";3
"1133";0.785643677371747;0.507445011243805;2;27;"Rejection";"Sim";2
"4659647";0.781996582932708;0.509350714902605;2;27;"Rejection";"Obs";2
"1134";0.7815006137456;0.511663972385294;1;27;"Rejection";"Sim";1
"4659646";0.781996582932708;0.509350714902605;1;27;"Rejection";"Obs";1
"1135";0.839990555760393;0.0602500958234546;5;28;"Rejection";"Sim";5
"4951620";0.846723368676917;0.0419514861927969;5;28;"Rejection";"Obs";5
"1136";0.839204753013366;0.0624635678475635;4;28;"Rejection";"Sim";4
"4951619";0.846723368676917;0.0419514861927969;4;28;"Rejection";"Obs";4
"1137";0.843765067218385;0.052392134468325;3;28;"Rejection";"Sim";3
"4951618";0.846723368676917;0.0419514861927969;3;28;"Rejection";"Obs";3
"1138";0.846216353669435;0.050018629261948;2;28;"Rejection";"Sim";2
"4951617";0.846723368676917;0.0419514861927969;2;28;"Rejection";"Obs";2
"1139";0.838625085458135;0.0570419015176068;1;28;"Rejection";"Sim";1
"4951616";0.846723368676917;0.0419514861927969;1;28;"Rejection";"Obs";1
"1140";0.948970043657091;0.102562438756213;5;29;"Rejection";"Sim";5
"3535080";0.957560085567078;0.121414049024883;5;29;"Rejection";"Obs";5
"1141";0.950339409590232;0.101913485878018;4;29;"Rejection";"Sim";4
"3535079";0.957560085567078;0.121414049024883;4;29;"Rejection";"Obs";4
"1142";0.955710254263662;0.0906235793353206;3;29;"Rejection";"Sim";3
"3535078";0.957560085567078;0.121414049024883;3;29;"Rejection";"Obs";3
"1143";0.954469969505711;0.08898384983588;2;29;"Rejection";"Sim";2
"3535077";0.957560085567078;0.121414049024883;2;29;"Rejection";"Obs";2
"1144";0.920056665769449;0.14725083075219;1;29;"Rejection";"Sim";1
"3535076";0.957560085567078;0.121414049024883;1;29;"Rejection";"Obs";1
"1145";0.616153421577429;0.84637170169853;5;30;"Rejection";"Sim";5
"2258715";0.608286277603835;0.838333918447247;5;30;"Rejection";"Obs";5
"1146";0.610969537811878;0.848705788926239;4;30;"Rejection";"Sim";4
"2258714";0.608286277603835;0.838333918447247;4;30;"Rejection";"Obs";4
"1147";0.60083103558558;0.852265155881642;3;30;"Rejection";"Sim";3
"2258713";0.608286277603835;0.838333918447247;3;30;"Rejection";"Obs";3
"1148";0.574255787836601;0.861612936482961;2;30;"Rejection";"Sim";2
"2258712";0.608286277603835;0.838333918447247;2;30;"Rejection";"Obs";2
"1149";0.610365390287743;0.848283998685274;1;30;"Rejection";"Sim";1
"2258711";0.608286277603835;0.838333918447247;1;30;"Rejection";"Obs";1
"1150";0.835378909007538;0.246560503209572;5;31;"Rejection";"Sim";5
"4972565";0.853318982270191;0.215297268351786;5;31;"Rejection";"Obs";5
"1151";0.835544420385401;0.245436183894071;4;31;"Rejection";"Sim";4
"4972564";0.853318982270191;0.215297268351786;4;31;"Rejection";"Obs";4
"1152";0.827187155035793;0.260104955227297;3;31;"Rejection";"Sim";3
"4972563";0.853318982270191;0.215297268351786;3;31;"Rejection";"Obs";3
"1153";0.829072843247406;0.256800043749147;2;31;"Rejection";"Sim";2
"4972562";0.853318982270191;0.215297268351786;2;31;"Rejection";"Obs";2
"1154";0.83754162747118;0.246721942774796;1;31;"Rejection";"Sim";1
"4972561";0.853318982270191;0.215297268351786;1;31;"Rejection";"Obs";1
"1155";0.981778806411187;0.395325696989695;5;32;"Rejection";"Sim";5
"5458090";0.98957737770916;0.361043427167455;5;32;"Rejection";"Obs";5
"1156";0.981877000843425;0.39430993732078;4;32;"Rejection";"Sim";4
"5458089";0.98957737770916;0.361043427167455;4;32;"Rejection";"Obs";4
"1157";0.980634457701731;0.394261227293412;3;32;"Rejection";"Sim";3
"5458088";0.98957737770916;0.361043427167455;3;32;"Rejection";"Obs";3
"1158";0.977671462766519;0.393495904483142;2;32;"Rejection";"Sim";2
"5458087";0.98957737770916;0.361043427167455;2;32;"Rejection";"Obs";2
"1159";0.966966092743881;0.402535536504332;1;32;"Rejection";"Sim";1
"5458086";0.98957737770916;0.361043427167455;1;32;"Rejection";"Obs";1
"1160";0.770666501616459;0.683494950923915;5;33;"Rejection";"Sim";5
"1044545";0.735208095596144;0.709077394623564;5;33;"Rejection";"Obs";5
"1161";0.764575652401393;0.688345751305168;4;33;"Rejection";"Sim";4
"1044544";0.735208095596144;0.709077394623564;4;33;"Rejection";"Obs";4
"1162";0.778726287036685;0.67947763939456;3;33;"Rejection";"Sim";3
"1044543";0.735208095596144;0.709077394623564;3;33;"Rejection";"Obs";3
"1163";0.775888320521396;0.679887762653449;2;33;"Rejection";"Sim";2
"1044542";0.735208095596144;0.709077394623564;2;33;"Rejection";"Obs";2
"1164";0.765391133279931;0.686513174853888;1;33;"Rejection";"Sim";1
"1044541";0.735208095596144;0.709077394623564;1;33;"Rejection";"Obs";1
"1165";0.965780494615069;0.209745643632887;5;34;"Rejection";"Sim";5
"1341390";0.928356608202794;0.253810880945743;5;34;"Rejection";"Obs";5
"1166";0.963372242560099;0.213714725227899;4;34;"Rejection";"Sim";4
"1341389";0.928356608202794;0.253810880945743;4;34;"Rejection";"Obs";4
"1167";0.968540319625669;0.202851507948254;3;34;"Rejection";"Sim";3
"1341388";0.928356608202794;0.253810880945743;3;34;"Rejection";"Obs";3
"1168";0.967939804530628;0.203402350254438;2;34;"Rejection";"Sim";2
"1341387";0.928356608202794;0.253810880945743;2;34;"Rejection";"Obs";2
"1169";0.956730979882982;0.220697820565935;1;34;"Rejection";"Sim";1
"1341386";0.928356608202794;0.253810880945743;1;34;"Rejection";"Obs";1
"1170";0.945039039274637;0.715784774076996;5;35;"Rejection";"Sim";5
"703560";0.950319526554487;0.716496642479844;5;35;"Rejection";"Obs";5
"1171";0.951751995050616;0.712192080056234;4;35;"Rejection";"Sim";4
"703559";0.950319526554487;0.716496642479844;4;35;"Rejection";"Obs";4
"1172";0.926744273982494;0.723061895325405;3;35;"Rejection";"Sim";3
"703558";0.950319526554487;0.716496642479844;3;35;"Rejection";"Obs";3
"1173";0.91009749065206;0.728878047597823;2;35;"Rejection";"Sim";2
"703557";0.950319526554487;0.716496642479844;2;35;"Rejection";"Obs";2
"1174";0.844371471778494;0.756408243907537;1;35;"Rejection";"Sim";1
"703556";0.950319526554487;0.716496642479844;1;35;"Rejection";"Obs";1
"1175";0.394962894439673;0.889183549597709;5;36;"Rejection";"Sim";5
"5013910";0.387856091130397;0.895424240514649;5;36;"Rejection";"Obs";5
"1176";0.394353097811911;0.889690784151334;4;36;"Rejection";"Sim";4
"5013909";0.387856091130397;0.895424240514649;4;36;"Rejection";"Obs";4
"1177";0.395450376307895;0.889039821102576;2.99;36;"Rejection";"Sim";3
"5013908";0.387856091130397;0.895424240514649;3;36;"Rejection";"Obs";3
"1178";0.407410474132852;0.882737806344089;2;36;"Rejection";"Sim";2
"5013907";0.387856091130397;0.895424240514649;2;36;"Rejection";"Obs";2
"1179";0.414879895151179;0.879563017490477;1;36;"Rejection";"Sim";1
"5013906";0.387856091130397;0.895424240514649;1;36;"Rejection";"Obs";1
"1180";0.433337371572565;0.849582792256151;5;37;"Rejection";"Sim";5
"3915035";0.434342840769366;0.849899519555249;5;37;"Rejection";"Obs";5
"1181";0.436931830014687;0.846416428851382;4;37;"Rejection";"Sim";4
"3915034";0.434342840769366;0.849899519555249;4;37;"Rejection";"Obs";4
"1182";0.432744776511963;0.850304339706974;3;37;"Rejection";"Sim";3
"3915033";0.434342840769366;0.849899519555249;3;37;"Rejection";"Obs";3
"1183";0.433872200472872;0.849229483139983;2;37;"Rejection";"Sim";2
"3915032";0.434342840769366;0.849899519555249;2;37;"Rejection";"Obs";2
"1184";0.433336940727614;0.84955783422888;1;37;"Rejection";"Sim";1
"3915031";0.434342840769366;0.849899519555249;1;37;"Rejection";"Obs";1
"1185";0.635661915022628;0.706978459295962;5;38;"Rejection";"Sim";5
"787910";0.670125358789818;0.683351301005214;5;38;"Rejection";"Obs";5
"1186";0.639791346269474;0.703453096910205;4;38;"Rejection";"Sim";4
"787909";0.670125358789818;0.683351301005214;4;38;"Rejection";"Obs";4
"1187";0.638291015005657;0.703764524514878;3;38;"Rejection";"Sim";3
"787908";0.670125358789818;0.683351301005214;3;38;"Rejection";"Obs";3
"1188";0.660609912047652;0.686647014901078;2;38;"Rejection";"Sim";2
"787907";0.670125358789818;0.683351301005214;2;38;"Rejection";"Obs";2
"1189";0.64132606330334;0.701935670743849;1;38;"Rejection";"Sim";1
"787906";0.670125358789818;0.683351301005214;1;38;"Rejection";"Obs";1
"1190";0.829031520213908;0.183610768018245;5;39;"Rejection";"Sim";5
"2038095";0.792207042977035;0.261604369935683;5;39;"Rejection";"Obs";5
"1191";0.826979597083074;0.188399129115669;4;39;"Rejection";"Sim";4
"2038094";0.792207042977035;0.261604369935683;4;39;"Rejection";"Obs";4
"1192";0.823289092863776;0.194312591637314;3;39;"Rejection";"Sim";3
"2038093";0.792207042977035;0.261604369935683;3;39;"Rejection";"Obs";3
"1193";0.841842269858067;0.160205009477257;2;39;"Rejection";"Sim";2
"2038092";0.792207042977035;0.261604369935683;2;39;"Rejection";"Obs";2
"1194";0.832554747276296;0.179055219257192;1;39;"Rejection";"Sim";1
"2038091";0.792207042977035;0.261604369935683;1;39;"Rejection";"Obs";1
"1195";0.67384404843783;0.458540214637409;5;40;"Rejection";"Sim";5
"2585855";0.668476244877509;0.485575475430317;5;40;"Rejection";"Obs";5
"1196";0.67354898983865;0.458394166364178;4;40;"Rejection";"Sim";4
"2585854";0.668476244877509;0.485575475430317;4;40;"Rejection";"Obs";4
"1197";0.67571999498855;0.455545626062457;3;40;"Rejection";"Sim";3
"2585853";0.668476244877509;0.485575475430317;3;40;"Rejection";"Obs";3
"1198";0.679330923623441;0.447861432973983;2;40;"Rejection";"Sim";2
"2585852";0.668476244877509;0.485575475430317;2;40;"Rejection";"Obs";2
"1199";0.675640512271071;0.455189452911683;1;40;"Rejection";"Sim";1
"2585851";0.668476244877509;0.485575475430317;1;40;"Rejection";"Obs";1
"1200";0.958313635891845;0.0965677211550973;5;41;"Rejection";"Sim";5
"3190650";0.97151490474012;0.0678530246860709;5;41;"Rejection";"Obs";5
"1201";0.9540383655157;0.102508521705001;4;41;"Rejection";"Sim";4
"3190649";0.97151490474012;0.0678530246860709;4;41;"Rejection";"Obs";4
"1202";0.965819501624273;0.0820674720940796;3;41;"Rejection";"Sim";3
"3190648";0.97151490474012;0.0678530246860709;3;41;"Rejection";"Obs";3
"1203";0.955925754951944;0.0977809200150971;2;41;"Rejection";"Sim";2
"3190647";0.97151490474012;0.0678530246860709;2;41;"Rejection";"Obs";2
"1204";0.959988433444475;0.0901663730104895;1;41;"Rejection";"Sim";1
"3190646";0.97151490474012;0.0678530246860709;1;41;"Rejection";"Obs";1
"1205";0.748290298575801;0.178757236801829;5;42;"Rejection";"Sim";5
"3165340";0.721221056046375;0.258366502059507;5;42;"Rejection";"Obs";5
"1206";0.745064169166639;0.186472598962265;4;42;"Rejection";"Sim";4
"3165339";0.721221056046375;0.258366502059507;4;42;"Rejection";"Obs";4
"1207";0.739221018936337;0.201135190510874;3;42;"Rejection";"Sim";3
"3165338";0.721221056046375;0.258366502059507;3;42;"Rejection";"Obs";3
"1208";0.736592093125116;0.206528498261509;2;42;"Rejection";"Sim";2
"3165337";0.721221056046375;0.258366502059507;2;42;"Rejection";"Obs";2
"1209";0.737818861953825;0.206108830932417;1;42;"Rejection";"Sim";1
"3165336";0.721221056046375;0.258366502059507;1;42;"Rejection";"Obs";1
"1210";0.826710915777872;0.29775576718632;5;43;"Rejection";"Sim";5
"585330";0.837562443728201;0.298159096991078;5;43;"Rejection";"Obs";5
"1211";0.824381444935664;0.302310392263038;4;43;"Rejection";"Sim";4
"585329";0.837562443728201;0.298159096991078;4;43;"Rejection";"Obs";4
"1212";0.819916575058869;0.306897014324529;3;43;"Rejection";"Sim";3
"585328";0.837562443728201;0.298159096991078;3;43;"Rejection";"Obs";3
"1213";0.8375607942036;0.276209438578982;2;43;"Rejection";"Sim";2
"585327";0.837562443728201;0.298159096991078;2;43;"Rejection";"Obs";2
"1214";0.824748663730456;0.304125331028721;1;43;"Rejection";"Sim";1
"585326";0.837562443728201;0.298159096991078;1;43;"Rejection";"Obs";1
"1215";0.70386711018725;0.663321864251148;5;44;"Rejection";"Sim";5
"3738660";0.688186198087796;0.673090820556314;5;44;"Rejection";"Obs";5
"1216";0.712359981435137;0.65654413247143;4;44;"Rejection";"Sim";4
"3738659";0.688186198087796;0.673090820556314;4;44;"Rejection";"Obs";4
"1217";0.699484115383287;0.666376589902995;3;44;"Rejection";"Sim";3
"3738658";0.688186198087796;0.673090820556314;3;44;"Rejection";"Obs";3
"1218";0.716687992687606;0.650950892681203;2;44;"Rejection";"Sim";2
"3738657";0.688186198087796;0.673090820556314;2;44;"Rejection";"Obs";2
"1219";0.700647175663779;0.664720700729886;1;44;"Rejection";"Sim";1
"3738656";0.688186198087796;0.673090820556314;1;44;"Rejection";"Obs";1
"1220";0.724995855102407;0.19566281038592;5;45;"Rejection";"Sim";5
"4320085";0.706792618596574;0.229347736488326;5;45;"Rejection";"Obs";5
"1221";0.727699460839107;0.188200358962377;4;45;"Rejection";"Sim";4
"4320084";0.706792618596574;0.229347736488326;4;45;"Rejection";"Obs";4
"1222";0.722695748305018;0.201860792551895;3;45;"Rejection";"Sim";3
"4320083";0.706792618596574;0.229347736488326;3;45;"Rejection";"Obs";3
"1223";0.725731734816353;0.195178131049147;2;45;"Rejection";"Sim";2
"4320082";0.706792618596574;0.229347736488326;2;45;"Rejection";"Obs";2
"1224";0.727978190787575;0.186565321164446;1;45;"Rejection";"Sim";1
"4320081";0.706792618596574;0.229347736488326;1;45;"Rejection";"Obs";1
"1225";0.468770232529141;0.870487724932484;5;46;"Rejection";"Sim";5
"2533670";0.469156706333498;0.869559357406322;5;46;"Rejection";"Obs";5
"1226";0.468089578169918;0.870446934891267;4;46;"Rejection";"Sim";4
"2533669";0.469156706333498;0.869559357406322;4;46;"Rejection";"Obs";4
"1227";0.469880031702291;0.86948388455273;3;46;"Rejection";"Sim";3
"2533668";0.469156706333498;0.869559357406322;3;46;"Rejection";"Obs";3
"1228";0.466467186157093;0.871957771986787;2;46;"Rejection";"Sim";2
"2533667";0.469156706333498;0.869559357406322;2;46;"Rejection";"Obs";2
"1229";0.461197493866227;0.872618357992736;1;46;"Rejection";"Sim";1
"2533666";0.469156706333498;0.869559357406322;1;46;"Rejection";"Obs";1
"1230";0.95162873729947;0.70655970482099;5;47;"Rejection";"Sim";5
"6061270";0.947092343746438;0.697314610421958;5;47;"Rejection";"Obs";5
"1231";0.954040733310477;0.70613956728381;4;47;"Rejection";"Sim";4
"6061269";0.947092343746438;0.697314610421958;4;47;"Rejection";"Obs";4
"1232";0.949269394039487;0.708804396481915;3;47;"Rejection";"Sim";3
"6061268";0.947092343746438;0.697314610421958;3;47;"Rejection";"Obs";3
"1233";0.934891603491717;0.713565965226265;2;47;"Rejection";"Sim";2
"6061267";0.947092343746438;0.697314610421958;2;47;"Rejection";"Obs";2
"1234";0.896786000890643;0.72992352857719;1;47;"Rejection";"Sim";1
"6061266";0.947092343746438;0.697314610421958;1;47;"Rejection";"Obs";1
"1235";0.723125400119313;0.193126766822303;5;48;"Rejection";"Sim";5
"4668280";0.748317244479629;0.12856487707396;5;48;"Rejection";"Obs";5
"1236";0.72208900421707;0.195762335436743;4;48;"Rejection";"Sim";4
"4668279";0.748317244479629;0.12856487707396;4;48;"Rejection";"Obs";4
"1237";0.728830468732624;0.178135202134413;3;48;"Rejection";"Sim";3
"4668278";0.748317244479629;0.12856487707396;3;48;"Rejection";"Obs";3
"1238";0.735601637857941;0.161414147482602;2;48;"Rejection";"Sim";2
"4668277";0.748317244479629;0.12856487707396;2;48;"Rejection";"Obs";2
"1239";0.729666699333773;0.175655137519119;1;48;"Rejection";"Sim";1
"4668276";0.748317244479629;0.12856487707396;1;48;"Rejection";"Obs";1
"1240";0.710846942217468;0.829668271534206;5;49;"Rejection";"Sim";5
"5370675";0.73993823642979;0.811189453068032;5;49;"Rejection";"Obs";5
"1241";0.713144433423012;0.829316324607483;4;49;"Rejection";"Sim";4
"5370674";0.73993823642979;0.811189453068032;4;49;"Rejection";"Obs";4
"1242";0.704583869091384;0.829580726573834;3;49;"Rejection";"Sim";3
"5370673";0.73993823642979;0.811189453068032;3;49;"Rejection";"Obs";3
"1243";0.667394279381578;0.84307922070491;2;49;"Rejection";"Sim";2
"5370672";0.73993823642979;0.811189453068032;2;49;"Rejection";"Obs";2
"1244";0.65322348584863;0.846725139857992;1;49;"Rejection";"Sim";1
"5370671";0.73993823642979;0.811189453068032;1;49;"Rejection";"Obs";1
"1245";0.559426177716445;0.720542824462439;5;50;"Rejection";"Sim";5
"3347875";0.568276201387007;0.71146278523123;5;50;"Rejection";"Obs";5
"1246";0.555244497164368;0.72499001179218;4;50;"Rejection";"Sim";4
"3347874";0.568276201387007;0.71146278523123;4;50;"Rejection";"Obs";4
"1247";0.55568622626005;0.723875488058834;3;50;"Rejection";"Sim";3
"3347873";0.568276201387007;0.71146278523123;3;50;"Rejection";"Obs";3
"1248";0.562984112350542;0.716532658357802;2;50;"Rejection";"Sim";2
"3347872";0.568276201387007;0.71146278523123;2;50;"Rejection";"Obs";2
"1249";0.54694263638782;0.732543522264709;1;50;"Rejection";"Sim";1
"3347871";0.568276201387007;0.71146278523123;1;50;"Rejection";"Obs";1
"1250";0.659534460027671;0.861010594400103;5;51;"Rejection";"Sim";5
"1761190";0.642719499626522;0.862411390554543;5;51;"Rejection";"Obs";5
"1251";0.660287952030779;0.860549648608854;4;51;"Rejection";"Sim";4
"1761189";0.642719499626522;0.862411390554543;4;51;"Rejection";"Obs";4
"1252";0.663097735706528;0.858351299732738;3;51;"Rejection";"Sim";3
"1761188";0.642719499626522;0.862411390554543;3;51;"Rejection";"Obs";3
"1253";0.656545018078484;0.86260367721845;2;51;"Rejection";"Sim";2
"1761187";0.642719499626522;0.862411390554543;2;51;"Rejection";"Obs";2
"1254";0.665003570191018;0.858024344916736;1;51;"Rejection";"Sim";1
"1761186";0.642719499626522;0.862411390554543;1;51;"Rejection";"Obs";1
"1255";0.593815430112571;0.582810658065344;5;52;"Rejection";"Sim";5
"2038535";0.606685706777501;0.557341186188735;5;52;"Rejection";"Obs";5
"1256";0.592790002739634;0.584513504448937;4;52;"Rejection";"Sim";4
"2038534";0.606685706777501;0.557341186188735;4;52;"Rejection";"Obs";4
"1257";0.59097270169715;0.587862317126453;3;52;"Rejection";"Sim";3
"2038533";0.606685706777501;0.557341186188735;3;52;"Rejection";"Obs";3
"1258";0.598451961898829;0.576071700508349;2;52;"Rejection";"Sim";2
"2038532";0.606685706777501;0.557341186188735;2;52;"Rejection";"Obs";2
"1259";0.604235750230134;0.570153970591493;1;52;"Rejection";"Sim";1
"2038531";0.606685706777501;0.557341186188735;1;52;"Rejection";"Obs";1
"1260";0.585903402705907;0.843195220293857;5;53;"Rejection";"Sim";5
"3036185";0.63494075919455;0.81773669761059;5;53;"Rejection";"Obs";5
"1261";0.594292233123958;0.839235125514806;4;53;"Rejection";"Sim";4
"3036184";0.63494075919455;0.81773669761059;4;53;"Rejection";"Obs";4
"1262";0.583104820569489;0.842467368847063;3;53;"Rejection";"Sim";3
"3036183";0.63494075919455;0.81773669761059;3;53;"Rejection";"Obs";3
"1263";0.593606009565409;0.838442868696159;2;53;"Rejection";"Sim";2
"3036182";0.63494075919455;0.81773669761059;2;53;"Rejection";"Obs";2
"1264";0.567631969942627;0.848702827100975;1;53;"Rejection";"Sim";1
"3036181";0.63494075919455;0.81773669761059;1;53;"Rejection";"Obs";1
"1265";0.445063429394752;0.917542044930923;5;54;"Rejection";"Sim";5
"1698640";0.46300406549066;0.911286996079217;5;54;"Rejection";"Obs";5
"1266";0.447018581291748;0.916797077835519;4;54;"Rejection";"Sim";4
"1698639";0.46300406549066;0.911286996079217;4;54;"Rejection";"Obs";4
"1267";0.44827822929574;0.916685818678761;3;54;"Rejection";"Sim";3
"1698638";0.46300406549066;0.911286996079217;3;54;"Rejection";"Obs";3
"1268";0.462003185815701;0.911736246449767;2;54;"Rejection";"Sim";2
"1698637";0.46300406549066;0.911286996079217;2;54;"Rejection";"Obs";2
"1269";0.487208079299077;0.906013268869526;1;54;"Rejection";"Sim";1
"1698636";0.46300406549066;0.911286996079217;1;54;"Rejection";"Obs";1
"1270";0.963540517540255;0.10031596118926;5;55;"Rejection";"Sim";5
"3450420";0.987535624683552;0.0524943308098738;5;55;"Rejection";"Obs";5
"1271";0.960769990339561;0.104723018797774;4;55;"Rejection";"Sim";4
"3450419";0.987535624683552;0.0524943308098738;4;55;"Rejection";"Obs";4
"1272";0.968035628846955;0.0864946900585903;3;55;"Rejection";"Sim";3
"3450418";0.987535624683552;0.0524943308098738;3;55;"Rejection";"Obs";3
"1273";0.967561333096036;0.08488474018574;2;55;"Rejection";"Sim";2
"3450417";0.987535624683552;0.0524943308098738;2;55;"Rejection";"Obs";2
"1274";0.958638352301923;0.093467205580839;1;55;"Rejection";"Sim";1
"3450416";0.987535624683552;0.0524943308098738;1;55;"Rejection";"Obs";1
"1275";0.720875931976545;0.740271918001071;5;56;"Rejection";"Sim";5
"3795110";0.699241069433105;0.750521491818927;5;56;"Rejection";"Obs";5
"1276";0.723069037755025;0.738567551148026;4;56;"Rejection";"Sim";4
"3795109";0.699241069433105;0.750521491818927;4;56;"Rejection";"Obs";4
"1277";0.725993774546539;0.73646313212261;3;56;"Rejection";"Sim";3
"3795108";0.699241069433105;0.750521491818927;3;56;"Rejection";"Obs";3
"1278";0.746557446084979;0.725801407459025;2;56;"Rejection";"Sim";2
"3795107";0.699241069433105;0.750521491818927;2;56;"Rejection";"Obs";2
"1279";0.759268288363735;0.719573933021959;1;56;"Rejection";"Sim";1
"3795106";0.699241069433105;0.750521491818927;1;56;"Rejection";"Obs";1
"1280";0.90412252994001;0.422497029172895;5;57;"Rejection";"Sim";5
"5985085";0.893158826629984;0.438868467485596;5;57;"Rejection";"Obs";5
"1281";0.913031366005753;0.415090782360178;4;57;"Rejection";"Sim";4
"5985084";0.893158826629984;0.438868467485596;4;57;"Rejection";"Obs";4
"1282";0.908569290673868;0.423828348165045;3;57;"Rejection";"Sim";3
"5985083";0.893158826629984;0.438868467485596;3;57;"Rejection";"Obs";3
"1283";0.919044146206228;0.412461547737119;2;57;"Rejection";"Sim";2
"5985082";0.893158826629984;0.438868467485596;2;57;"Rejection";"Obs";2
"1284";0.897166395941593;0.430416346357372;1;57;"Rejection";"Sim";1
"5985081";0.893158826629984;0.438868467485596;1;57;"Rejection";"Obs";1
"1285";0.780509515447511;0.171599622822845;5;58;"Rejection";"Sim";5
"2123790";0.829112182433192;0.0643220433296469;5;58;"Rejection";"Obs";5
"1286";0.781488797745531;0.168146197119403;4;58;"Rejection";"Sim";4
"2123789";0.829112182433192;0.0643220433296469;4;58;"Rejection";"Obs";4
"1287";0.772810295591284;0.188362438132118;3;58;"Rejection";"Sim";3
"2123788";0.829112182433192;0.0643220433296469;3;58;"Rejection";"Obs";3
"1288";0.758408869865959;0.216780269346917;2;58;"Rejection";"Sim";2
"2123787";0.829112182433192;0.0643220433296469;2;58;"Rejection";"Obs";2
"1289";0.780016927917588;0.173509604214289;1;58;"Rejection";"Sim";1
"2123786";0.829112182433192;0.0643220433296469;1;58;"Rejection";"Obs";1
"1290";0.829316772772554;0.120747397439108;5;59;"Rejection";"Sim";5
"2261610";0.799026776774861;0.176569659859019;5;59;"Rejection";"Obs";5
"1291";0.830479076045748;0.11918952762596;4;59;"Rejection";"Sim";4
"2261609";0.799026776774861;0.176569659859019;4;59;"Rejection";"Obs";4
"1292";0.825697297418615;0.129917649664409;3;59;"Rejection";"Sim";3
"2261608";0.799026776774861;0.176569659859019;3;59;"Rejection";"Obs";3
"1293";0.829510079205276;0.121483724873344;2;59;"Rejection";"Sim";2
"2261607";0.799026776774861;0.176569659859019;2;59;"Rejection";"Obs";2
"1294";0.833974197100985;0.112833629747422;1;59;"Rejection";"Sim";1
"2261606";0.799026776774861;0.176569659859019;1;59;"Rejection";"Obs";1
"1295";0.645531676880684;0.412188269190367;5;60;"Rejection";"Sim";5
"5020545";0.662663853226342;0.360872897420394;5;60;"Rejection";"Obs";5
"1296";0.647427831952089;0.408642092054464;4;60;"Rejection";"Sim";4
"5020544";0.662663853226342;0.360872897420394;4;60;"Rejection";"Obs";4
"1297";0.65428106397903;0.394621617827125;3;60;"Rejection";"Sim";3
"5020543";0.662663853226342;0.360872897420394;3;60;"Rejection";"Obs";3
"1298";0.6514258224495;0.400208965865511;2;60;"Rejection";"Sim";2
"5020542";0.662663853226342;0.360872897420394;2;60;"Rejection";"Obs";2
"1299";0.658985210853706;0.386133202741116;1;60;"Rejection";"Sim";1
"5020541";0.662663853226342;0.360872897420394;1;60;"Rejection";"Obs";1
"1300";0.636524252605478;0.538118473138813;5;61;"Rejection";"Sim";5
"6101400";0.639637770711111;0.544272700403797;5;61;"Rejection";"Obs";5
"1301";0.640529350979788;0.532770064767409;4;61;"Rejection";"Sim";4
"6101399";0.639637770711111;0.544272700403797;4;61;"Rejection";"Obs";4
"1302";0.63312551909049;0.544430758067285;3;61;"Rejection";"Sim";3
"6101398";0.639637770711111;0.544272700403797;3;61;"Rejection";"Obs";3
"1303";0.636948194687333;0.538178980609862;2;61;"Rejection";"Sim";2
"6101397";0.639637770711111;0.544272700403797;2;61;"Rejection";"Obs";2
"1304";0.646732667872175;0.52448158017261;1;61;"Rejection";"Sim";1
"6101396";0.639637770711111;0.544272700403797;1;61;"Rejection";"Obs";1
"1305";0.716020580755868;0.538425771722838;5;62;"Rejection";"Sim";5
"6378795";0.760034742903359;0.49028835371097;5;62;"Rejection";"Obs";5
"1306";0.716090510556657;0.539103942011822;4;62;"Rejection";"Sim";4
"6378794";0.760034742903359;0.49028835371097;4;62;"Rejection";"Obs";4
"1307";0.708292364167314;0.548206896209667;3;62;"Rejection";"Sim";3
"6378793";0.760034742903359;0.49028835371097;3;62;"Rejection";"Obs";3
"1308";0.69427566732015;0.562824765932865;2;62;"Rejection";"Sim";2
"6378792";0.760034742903359;0.49028835371097;2;62;"Rejection";"Obs";2
"1309";0.676472937063406;0.580880070975607;1;62;"Rejection";"Sim";1
"6378791";0.760034742903359;0.49028835371097;1;62;"Rejection";"Obs";1
"1310";0.79410987100719;0.561543109199426;5;63;"Rejection";"Sim";5
"2182100";0.827777126147406;0.532292929023851;5;63;"Rejection";"Obs";5
"1311";0.794835238909789;0.559396329652223;4;63;"Rejection";"Sim";4
"2182099";0.827777126147406;0.532292929023851;4;63;"Rejection";"Obs";4
"1312";0.798206042963166;0.558645269572209;3;63;"Rejection";"Sim";3
"2182098";0.827777126147406;0.532292929023851;3;63;"Rejection";"Obs";3
"1313";0.798778951083173;0.556916579348997;2;63;"Rejection";"Sim";2
"2182097";0.827777126147406;0.532292929023851;2;63;"Rejection";"Obs";2
"1314";0.786133097810926;0.568426825099465;1;63;"Rejection";"Sim";1
"2182096";0.827777126147406;0.532292929023851;1;63;"Rejection";"Obs";1
"1315";0.865724663891235;0.799957119965841;5;64;"Rejection";"Sim";5
"187720";0.85610047555449;0.810021573910662;5;64;"Rejection";"Obs";5
"1316";0.856421271983173;0.803690198557282;4;64;"Rejection";"Sim";4
"187719";0.85610047555449;0.810021573910662;4;64;"Rejection";"Obs";4
"1317";0.877003770974393;0.794894050348442;3;64;"Rejection";"Sim";3
"187718";0.85610047555449;0.810021573910662;3;64;"Rejection";"Obs";3
"1318";0.854598271875796;0.801163416773636;2;64;"Rejection";"Sim";2
"187717";0.85610047555449;0.810021573910662;2;64;"Rejection";"Obs";2
"1319";0.87681841479628;0.792246971577289;1;64;"Rejection";"Sim";1
"187716";0.85610047555449;0.810021573910662;1;64;"Rejection";"Obs";1
"1320";0.914265321340819;0.0891884899541471;5;65;"Rejection";"Sim";5
"6394685";0.923388327481756;0.0652800951737476;5;65;"Rejection";"Obs";5
"1321";0.914044067093312;0.0895825101114343;4;65;"Rejection";"Sim";4
"6394684";0.923388327481756;0.0652800951737476;4;65;"Rejection";"Obs";4
"1322";0.924290643773691;0.0694912713174081;3;65;"Rejection";"Sim";3
"6394683";0.923388327481756;0.0652800951737476;3;65;"Rejection";"Obs";3
"1323";0.927462012604373;0.0663228986068932;2;65;"Rejection";"Sim";2
"6394682";0.923388327481756;0.0652800951737476;2;65;"Rejection";"Obs";2
"1324";0.92189324462585;0.0705783129254573;1;65;"Rejection";"Sim";1
"6394681";0.923388327481756;0.0652800951737476;1;65;"Rejection";"Obs";1
"1325";0.707341908813765;0.689959822352934;5;66;"Rejection";"Sim";5
"5203640";0.749326258998304;0.669211459536709;5;66;"Rejection";"Obs";5
"1326";0.707433805650353;0.689894376759973;4;66;"Rejection";"Sim";4
"5203639";0.749326258998304;0.669211459536709;4;66;"Rejection";"Obs";4
"1327";0.69540465039441;0.699727952377745;3;66;"Rejection";"Sim";3
"5203638";0.749326258998304;0.669211459536709;3;66;"Rejection";"Obs";3
"1328";0.69251601559295;0.700053741140773;2;66;"Rejection";"Sim";2
"5203637";0.749326258998304;0.669211459536709;2;66;"Rejection";"Obs";2
"1329";0.697085911713318;0.69717869792759;1;66;"Rejection";"Sim";1
"5203636";0.749326258998304;0.669211459536709;1;66;"Rejection";"Obs";1
"1330";0.713623479088404;0.559419015104701;5;67;"Rejection";"Sim";5
"4971620";0.689011846282566;0.572259313329772;5;67;"Rejection";"Obs";5
"1331";0.709190803899861;0.563742717612608;4;67;"Rejection";"Sim";4
"4971619";0.689011846282566;0.572259313329772;4;67;"Rejection";"Obs";4
"1332";0.72813258458801;0.54127458428317;3;67;"Rejection";"Sim";3
"4971618";0.689011846282566;0.572259313329772;3;67;"Rejection";"Obs";3
"1333";0.71848718886443;0.552877486394349;2;67;"Rejection";"Sim";2
"4971617";0.689011846282566;0.572259313329772;2;67;"Rejection";"Obs";2
"1334";0.712648196657799;0.559844153235734;1;67;"Rejection";"Sim";1
"4971616";0.689011846282566;0.572259313329772;1;67;"Rejection";"Obs";1
"1335";0.733045552252637;0.671030492445686;5;68;"Rejection";"Sim";5
"2376655";0.730735726666357;0.668791406818871;5;68;"Rejection";"Obs";5
"1336";0.732306929721734;0.670894637181555;4;68;"Rejection";"Sim";4
"2376654";0.730735726666357;0.668791406818871;4;68;"Rejection";"Obs";4
"1337";0.729711450319281;0.672196696441814;3;68;"Rejection";"Sim";3
"2376653";0.730735726666357;0.668791406818871;3;68;"Rejection";"Obs";3
"1338";0.718877131241686;0.68526901503328;2;68;"Rejection";"Sim";2
"2376652";0.730735726666357;0.668791406818871;2;68;"Rejection";"Obs";2
"1339";0.770419042285856;0.64848889379109;1;68;"Rejection";"Sim";1
"2376651";0.730735726666357;0.668791406818871;1;68;"Rejection";"Obs";1
"1340";0.941022902179524;0.0495192715738653;5;69;"Rejection";"Sim";5
"6455580";0.93340969380269;0.0428979132041242;5;69;"Rejection";"Obs";5
"1341";0.940456983755474;0.0497549812422677;4;69;"Rejection";"Sim";4
"6455579";0.93340969380269;0.0428979132041242;4;69;"Rejection";"Obs";4
"1342";0.945691768892683;0.0414952241528011;3;69;"Rejection";"Sim";3
"6455578";0.93340969380269;0.0428979132041242;3;69;"Rejection";"Obs";3
"1343";0.941417808823892;0.0482320199408848;2;69;"Rejection";"Sim";2
"6455577";0.93340969380269;0.0428979132041242;2;69;"Rejection";"Obs";2
"1344";0.937179239023132;0.057039382777159;1;69;"Rejection";"Sim";1
"6455576";0.93340969380269;0.0428979132041242;1;69;"Rejection";"Obs";1
"1345";0.605321307968905;0.591066811746732;5;70;"Rejection";"Sim";5
"3250215";0.61761349883639;0.577669222651109;5;70;"Rejection";"Obs";5
"1346";0.607280006975178;0.587634532405811;4;70;"Rejection";"Sim";4
"3250214";0.61761349883639;0.577669222651109;4;70;"Rejection";"Obs";4
"1347";0.604910151094405;0.591095557500816;3;70;"Rejection";"Sim";3
"3250213";0.61761349883639;0.577669222651109;3;70;"Rejection";"Obs";3
"1348";0.608495153842274;0.585483203059513;2;70;"Rejection";"Sim";2
"3250212";0.61761349883639;0.577669222651109;2;70;"Rejection";"Obs";2
"1349";0.602728334587339;0.593968100916423;1;70;"Rejection";"Sim";1
"3250211";0.61761349883639;0.577669222651109;1;70;"Rejection";"Obs";1
"1350";0.36373491471208;0.925646195301716;5;71;"Rejection";"Sim";5
"6540855";0.366956032343164;0.929339961751519;5;71;"Rejection";"Obs";5
"1351";0.362831458368246;0.925973685640402;4;71;"Rejection";"Sim";4
"6540854";0.366956032343164;0.929339961751519;4;71;"Rejection";"Obs";4
"1352";0.364926140974385;0.925570437519628;3;71;"Rejection";"Sim";3
"6540853";0.366956032343164;0.929339961751519;3;71;"Rejection";"Obs";3
"1353";0.358699294752114;0.928132425080625;2;71;"Rejection";"Sim";2
"6540852";0.366956032343164;0.929339961751519;2;71;"Rejection";"Obs";2
"1354";0.355994974585773;0.929947421401939;1;71;"Rejection";"Sim";1
"6540851";0.366956032343164;0.929339961751519;1;71;"Rejection";"Obs";1
"1355";0.847163837683894;0.608392397292992;5;72;"Rejection";"Sim";5
"2423270";0.906663719904097;0.565303860429881;5;72;"Rejection";"Obs";5
"1356";0.8444705777368;0.610068510005125;4;72;"Rejection";"Sim";4
"2423269";0.906663719904097;0.565303860429881;4;72;"Rejection";"Obs";4
"1357";0.827717058724121;0.622907287493827;3;72;"Rejection";"Sim";3
"2423268";0.906663719904097;0.565303860429881;3;72;"Rejection";"Obs";3
"1358";0.81669075391731;0.627717433095276;2;72;"Rejection";"Sim";2
"2423267";0.906663719904097;0.565303860429881;2;72;"Rejection";"Obs";2
"1359";0.815006847861946;0.627939271910699;1;72;"Rejection";"Sim";1
"2423266";0.906663719904097;0.565303860429881;1;72;"Rejection";"Obs";1
"1360";0.738372667031769;0.790197632618032;5;73;"Rejection";"Sim";5
"627735";0.765880303938297;0.785629278517254;5;73;"Rejection";"Obs";5
"1361";0.741979654141717;0.78710971876292;4;73;"Rejection";"Sim";4
"627734";0.765880303938297;0.785629278517254;4;73;"Rejection";"Obs";4
"1362";0.731612304279338;0.792851913321637;3;73;"Rejection";"Sim";3
"627733";0.765880303938297;0.785629278517254;3;73;"Rejection";"Obs";3
"1363";0.720090225027008;0.800338314335979;2;73;"Rejection";"Sim";2
"627732";0.765880303938297;0.785629278517254;2;73;"Rejection";"Obs";2
"1364";0.730095211474532;0.791780317923008;1;73;"Rejection";"Sim";1
"627731";0.765880303938297;0.785629278517254;1;73;"Rejection";"Obs";1
"1365";0.679275471949474;0.578681972650698;5;74;"Rejection";"Sim";5
"4072550";0.64884742040521;0.599540724269381;5;74;"Rejection";"Obs";5
"1366";0.684780762150849;0.571115542729134;4;74;"Rejection";"Sim";4
"4072549";0.64884742040521;0.599540724269381;4;74;"Rejection";"Obs";4
"1367";0.680253651591796;0.576103996654136;3;74;"Rejection";"Sim";3
"4072548";0.64884742040521;0.599540724269381;3;74;"Rejection";"Obs";3
"1368";0.680855602170338;0.575733471672658;2;74;"Rejection";"Sim";2
"4072547";0.64884742040521;0.599540724269381;2;74;"Rejection";"Obs";2
"1369";0.682461435501016;0.575149915459776;1;74;"Rejection";"Sim";1
"4072546";0.64884742040521;0.599540724269381;1;74;"Rejection";"Obs";1
"1370";0.940335023247823;0.758423687211877;5;75;"Rejection";"Sim";5
"1657565";0.999247721004724;0.73658391864378;5;75;"Rejection";"Obs";5
"1371";0.941409708765545;0.758411944505032;4;75;"Rejection";"Sim";4
"1657564";0.999247721004724;0.73658391864378;4;75;"Rejection";"Obs";4
"1372";0.927601486477891;0.765626759265119;3;75;"Rejection";"Sim";3
"1657563";0.999247721004724;0.73658391864378;3;75;"Rejection";"Obs";3
"1373";0.923761052042565;0.764753410760369;2;75;"Rejection";"Sim";2
"1657562";0.999247721004724;0.73658391864378;2;75;"Rejection";"Obs";2
"1374";0.892817576829804;0.775854575104223;1;75;"Rejection";"Sim";1
"1657561";0.999247721004724;0.73658391864378;1;75;"Rejection";"Obs";1
"1375";0.914553427505742;0.552349850052226;5;76;"Rejection";"Sim";5
"2423900";0.919309920899959;0.544568208392802;5;76;"Rejection";"Obs";5
"1376";0.91426137573945;0.551401080245531;4;76;"Rejection";"Sim";4
"2423899";0.919309920899959;0.544568208392802;4;76;"Rejection";"Obs";4
"1377";0.923311594401112;0.545854260919097;3;76;"Rejection";"Sim";3
"2423898";0.919309920899959;0.544568208392802;3;76;"Rejection";"Obs";3
"1378";0.933254873774414;0.540155130998871;2;76;"Rejection";"Sim";2
"2423897";0.919309920899959;0.544568208392802;2;76;"Rejection";"Obs";2
"1379";0.920877219274434;0.551545475095092;1;76;"Rejection";"Sim";1
"2423896";0.919309920899959;0.544568208392802;1;76;"Rejection";"Obs";1
"1380";0.656646712920027;0.72480456249117;5;77;"Rejection";"Sim";5
"1246305";0.689146009123842;0.704669062112098;5;77;"Rejection";"Obs";5
"1381";0.647877378425495;0.729928890656432;4;77;"Rejection";"Sim";4
"1246304";0.689146009123842;0.704669062112098;4;77;"Rejection";"Obs";4
"1382";0.652697941172377;0.727331120139122;3;77;"Rejection";"Sim";3
"1246303";0.689146009123842;0.704669062112098;3;77;"Rejection";"Obs";3
"1383";0.661121267427072;0.721930403452031;2;77;"Rejection";"Sim";2
"1246302";0.689146009123842;0.704669062112098;2;77;"Rejection";"Obs";2
"1384";0.673575335650948;0.713597981173195;1;77;"Rejection";"Sim";1
"1246301";0.689146009123842;0.704669062112098;1;77;"Rejection";"Obs";1
"1385";0.871641311920406;0.65447405355202;5;78;"Rejection";"Sim";5
"317640";0.887526328254017;0.642898579869059;5;78;"Rejection";"Obs";5
"1386";0.870442624148341;0.654196920621156;4;78;"Rejection";"Sim";4
"317639";0.887526328254017;0.642898579869059;4;78;"Rejection";"Obs";4
"1387";0.877166199861723;0.650994230374148;3;78;"Rejection";"Sim";3
"317638";0.887526328254017;0.642898579869059;3;78;"Rejection";"Obs";3
"1388";0.89576392963027;0.638579023272103;2;78;"Rejection";"Sim";2
"317637";0.887526328254017;0.642898579869059;2;78;"Rejection";"Obs";2
"1389";0.904739428106469;0.636978723883114;1;78;"Rejection";"Sim";1
"317636";0.887526328254017;0.642898579869059;1;78;"Rejection";"Obs";1
"1390";0.861666551985485;0.669613028535567;5;79;"Rejection";"Sim";5
"2531890";0.772579880949247;0.717272036749547;5;79;"Rejection";"Obs";5
"1391";0.862676344190249;0.669090880203317;4;79;"Rejection";"Sim";4
"2531889";0.772579880949247;0.717272036749547;4;79;"Rejection";"Obs";4
"1392";0.871619297647375;0.662747475790498;3;79;"Rejection";"Sim";3
"2531888";0.772579880949247;0.717272036749547;3;79;"Rejection";"Obs";3
"1393";0.87767285674434;0.658595718199742;2;79;"Rejection";"Sim";2
"2531887";0.772579880949247;0.717272036749547;2;79;"Rejection";"Obs";2
"1394";0.863303130892295;0.668220108678659;1;79;"Rejection";"Sim";1
"2531886";0.772579880949247;0.717272036749547;1;79;"Rejection";"Obs";1
"1395";0.702086896776452;0.349685705376156;5;80;"Rejection";"Sim";5
"5658225";0.701611494881968;0.350740731761829;5;80;"Rejection";"Obs";5
"1396";0.703825015441404;0.346744096622007;4;80;"Rejection";"Sim";4
"5658224";0.701611494881968;0.350740731761829;4;80;"Rejection";"Obs";4
"1397";0.700353616720858;0.352999182787975;3;80;"Rejection";"Sim";3
"5658223";0.701611494881968;0.350740731761829;3;80;"Rejection";"Obs";3
"1398";0.688460486803747;0.375722996703046;2;80;"Rejection";"Sim";2
"5658222";0.701611494881968;0.350740731761829;2;80;"Rejection";"Obs";2
"1399";0.687027032509735;0.378131078348982;1;80;"Rejection";"Sim";1
"5658221";0.701611494881968;0.350740731761829;1;80;"Rejection";"Obs";1
"1400";0.464689244017725;0.841052572494887;5;81;"Rejection";"Sim";5
"2098595";0.458866255089449;0.847287097053773;5;81;"Rejection";"Obs";5
"1401";0.460833946820278;0.843813624701609;4;81;"Rejection";"Sim";4
"2098594";0.458866255089449;0.847287097053773;4;81;"Rejection";"Obs";4
"1402";0.456324342591819;0.84676549135986;3;81;"Rejection";"Sim";3
"2098593";0.458866255089449;0.847287097053773;3;81;"Rejection";"Obs";3
"1403";0.461086146909732;0.84378451867013;2;81;"Rejection";"Sim";2
"2098592";0.458866255089449;0.847287097053773;2;81;"Rejection";"Obs";2
"1404";0.468051882089543;0.839306536909029;1;81;"Rejection";"Sim";1
"2098591";0.458866255089449;0.847287097053773;1;81;"Rejection";"Obs";1
"1405";0.898162647212289;0.132029894126507;5;82;"Rejection";"Sim";5
"164765";0.89696546511477;0.138931706373521;5;82;"Rejection";"Obs";5
"1406";0.899997716468752;0.126283192894219;4;82;"Rejection";"Sim";4
"164764";0.89696546511477;0.138931706373521;4;82;"Rejection";"Obs";4
"1407";0.906419852403544;0.115852240810079;3;82;"Rejection";"Sim";3
"164763";0.89696546511477;0.138931706373521;3;82;"Rejection";"Obs";3
"1408";0.902793047744395;0.123130306715533;2;82;"Rejection";"Sim";2
"164762";0.89696546511477;0.138931706373521;2;82;"Rejection";"Obs";2
"1409";0.910996535338905;0.112316171162557;1;82;"Rejection";"Sim";1
"164761";0.89696546511477;0.138931706373521;1;82;"Rejection";"Obs";1
"1410";0.768050118705629;0.0777849716471559;5;83;"Rejection";"Sim";5
"5952050";0.776036420738882;0.0441480165808357;5;83;"Rejection";"Obs";5
"1411";0.767554383263375;0.0797122040606898;4;83;"Rejection";"Sim";4
"5952049";0.776036420738882;0.0441480165808357;4;83;"Rejection";"Obs";4
"1412";0.770276506295258;0.0719041460766775;3;83;"Rejection";"Sim";3
"5952048";0.776036420738882;0.0441480165808357;3;83;"Rejection";"Obs";3
"1413";0.770537558291065;0.0689125211014056;2;83;"Rejection";"Sim";2
"5952047";0.776036420738882;0.0441480165808357;2;83;"Rejection";"Obs";2
"1414";0.764058526303571;0.0871859335163864;1;83;"Rejection";"Sim";1
"5952046";0.776036420738882;0.0441480165808357;1;83;"Rejection";"Obs";1
"1415";0.585235484369195;0.81691790877772;5;84;"Rejection";"Sim";5
"4085015";0.621209859422831;0.798513404352236;5;84;"Rejection";"Obs";5
"1416";0.585804016558796;0.818082109218081;4;84;"Rejection";"Sim";4
"4085014";0.621209859422831;0.798513404352236;4;84;"Rejection";"Obs";4
"1417";0.600631280741159;0.811078602862709;3;84;"Rejection";"Sim";3
"4085013";0.621209859422831;0.798513404352236;3;84;"Rejection";"Obs";3
"1418";0.612167404913271;0.805114731969729;2;84;"Rejection";"Sim";2
"4085012";0.621209859422831;0.798513404352236;2;84;"Rejection";"Obs";2
"1419";0.647445540243224;0.787475074287751;1;84;"Rejection";"Sim";1
"4085011";0.621209859422831;0.798513404352236;1;84;"Rejection";"Obs";1
"1420";0.73084154596754;0.305175363490882;5;85;"Rejection";"Sim";5
"3489405";0.740217147503319;0.281622853075189;5;85;"Rejection";"Obs";5
"1421";0.729170569486513;0.307778966637628;4;85;"Rejection";"Sim";4
"3489404";0.740217147503319;0.281622853075189;4;85;"Rejection";"Obs";4
"1422";0.729183870710801;0.306943166106541;3;85;"Rejection";"Sim";3
"3489403";0.740217147503319;0.281622853075189;3;85;"Rejection";"Obs";3
"1423";0.718288297276188;0.328427158151052;2;85;"Rejection";"Sim";2
"3489402";0.740217147503319;0.281622853075189;2;85;"Rejection";"Obs";2
"1424";0.729109529107518;0.305423206794424;1;85;"Rejection";"Sim";1
"3489401";0.740217147503319;0.281622853075189;1;85;"Rejection";"Obs";1
"1425";0.889396567810587;0.330061374532104;5;86;"Rejection";"Sim";5
"6270850";0.859792802642628;0.367689720087206;5;86;"Rejection";"Obs";5
"1426";0.878742106544861;0.343919724939456;4;86;"Rejection";"Sim";4
"6270849";0.859792802642628;0.367689720087206;4;86;"Rejection";"Obs";4
"1427";0.890418585326055;0.32706568522341;3;86;"Rejection";"Sim";3
"6270848";0.859792802642628;0.367689720087206;3;86;"Rejection";"Obs";3
"1428";0.882559772734199;0.337729315395718;2;86;"Rejection";"Sim";2
"6270847";0.859792802642628;0.367689720087206;2;86;"Rejection";"Obs";2
"1429";0.869480174678061;0.354698507403677;1;86;"Rejection";"Sim";1
"6270846";0.859792802642628;0.367689720087206;1;86;"Rejection";"Obs";1
"1430";0.457577986954584;0.803252827964388;5;87;"Rejection";"Sim";5
"2039805";0.468678740762701;0.78861797398824;5;87;"Rejection";"Obs";5
"1431";0.456111750174884;0.804941484030338;4;87;"Rejection";"Sim";4
"2039804";0.468678740762701;0.78861797398824;4;87;"Rejection";"Obs";4
"1432";0.458252312393148;0.802439570407134;3;87;"Rejection";"Sim";3
"2039803";0.468678740762701;0.78861797398824;3;87;"Rejection";"Obs";3
"1433";0.459393368257614;0.801493466621873;2;87;"Rejection";"Sim";2
"2039802";0.468678740762701;0.78861797398824;2;87;"Rejection";"Obs";2
"1434";0.451371566205019;0.808599222772014;1;87;"Rejection";"Sim";1
"2039801";0.468678740762701;0.78861797398824;1;87;"Rejection";"Obs";1
"1435";0.80420647423119;0.56521730169456;5;88;"Rejection";"Sim";5
"2909945";0.788918007162764;0.577434736925818;5;88;"Rejection";"Obs";5
"1436";0.800386926326186;0.568338897153495;4;88;"Rejection";"Sim";4
"2909944";0.788918007162764;0.577434736925818;4;88;"Rejection";"Obs";4
"1437";0.824774916732398;0.546561857710488;3;88;"Rejection";"Sim";3
"2909943";0.788918007162764;0.577434736925818;3;88;"Rejection";"Obs";3
"1438";0.831471681924519;0.543050996153361;2;88;"Rejection";"Sim";2
"2909942";0.788918007162764;0.577434736925818;2;88;"Rejection";"Obs";2
"1439";0.824347051229085;0.548744810132413;1;88;"Rejection";"Sim";1
"2909941";0.788918007162764;0.577434736925818;1;88;"Rejection";"Obs";1
"1440";0.87001084173002;0.3315969906314;5;89;"Rejection";"Sim";5
"4293790";0.855399246670437;0.359660717386396;5;89;"Rejection";"Obs";5
"1441";0.86870358692941;0.335112662439101;4;89;"Rejection";"Sim";4
"4293789";0.855399246670437;0.359660717386396;4;89;"Rejection";"Obs";4
"1442";0.867426487878856;0.334879245020211;3;89;"Rejection";"Sim";3
"4293788";0.855399246670437;0.359660717386396;3;89;"Rejection";"Obs";3
"1443";0.86785512644491;0.331884929705747;2;89;"Rejection";"Sim";2
"4293787";0.855399246670437;0.359660717386396;2;89;"Rejection";"Obs";2
"1444";0.875619814690614;0.323886554137643;1;89;"Rejection";"Sim";1
"4293786";0.855399246670437;0.359660717386396;1;89;"Rejection";"Obs";1
"1445";0.749196283038176;0.508347775985985;5;90;"Rejection";"Sim";5
"5481890";0.72756356022399;0.535018589348119;5;90;"Rejection";"Obs";5
"1446";0.757836578230452;0.495730930944541;4;90;"Rejection";"Sim";4
"5481889";0.72756356022399;0.535018589348119;4;90;"Rejection";"Obs";4
"1447";0.745957377876778;0.512760361697047;3;90;"Rejection";"Sim";3
"5481888";0.72756356022399;0.535018589348119;3;90;"Rejection";"Obs";3
"1448";0.753101173387535;0.50241215928705;2;90;"Rejection";"Sim";2
"5481887";0.72756356022399;0.535018589348119;2;90;"Rejection";"Obs";2
"1449";0.74898281010815;0.508449713025207;1;90;"Rejection";"Sim";1
"5481886";0.72756356022399;0.535018589348119;1;90;"Rejection";"Obs";1
"1450";0.467447879235209;0.776555331369289;5;91;"Rejection";"Sim";5
"5400465";0.477406300993959;0.768368130309449;5;91;"Rejection";"Obs";5
"1451";0.469788604784954;0.773977871043657;4;91;"Rejection";"Sim";4
"5400464";0.477406300993959;0.768368130309449;4;91;"Rejection";"Obs";4
"1452";0.464498271470569;0.780001936214747;3;91;"Rejection";"Sim";3
"5400463";0.477406300993959;0.768368130309449;3;91;"Rejection";"Obs";3
"1453";0.463566236332974;0.781159957600094;2;91;"Rejection";"Sim";2
"5400462";0.477406300993959;0.768368130309449;2;91;"Rejection";"Obs";2
"1454";0.465392132286455;0.779438940271859;1;91;"Rejection";"Sim";1
"5400461";0.477406300993959;0.768368130309449;1;91;"Rejection";"Obs";1
"1455";0.925230902826965;0.675427493639067;5;92;"Rejection";"Sim";5
"6488990";0.937121318994134;0.66898587436996;5;92;"Rejection";"Obs";5
"1456";0.917572485691405;0.678135969072845;4;92;"Rejection";"Sim";4
"6488989";0.937121318994134;0.66898587436996;4;92;"Rejection";"Obs";4
"1457";0.935762727781451;0.67228628390788;3;92;"Rejection";"Sim";3
"6488988";0.937121318994134;0.66898587436996;3;92;"Rejection";"Obs";3
"1458";0.903259269791344;0.691862169075484;2;92;"Rejection";"Sim";2
"6488987";0.937121318994134;0.66898587436996;2;92;"Rejection";"Obs";2
"1459";0.887310187838352;0.691865524115834;1;92;"Rejection";"Sim";1
"6488986";0.937121318994134;0.66898587436996;1;92;"Rejection";"Obs";1
"1460";0.547475158759575;0.797510781749833;5;93;"Rejection";"Sim";5
"5648470";0.547604426813956;0.795079565099476;5;93;"Rejection";"Obs";5
"1461";0.544048606781251;0.798859430401821;4;93;"Rejection";"Sim";4
"5648469";0.547604426813956;0.795079565099476;4;93;"Rejection";"Obs";4
"1462";0.547271445758351;0.797116665265489;3;93;"Rejection";"Sim";3
"5648468";0.547604426813956;0.795079565099476;3;93;"Rejection";"Obs";3
"1463";0.545874205627844;0.798556012263211;2;93;"Rejection";"Sim";2
"5648467";0.547604426813956;0.795079565099476;2;93;"Rejection";"Obs";2
"1464";0.558250607527863;0.792242357416005;1;93;"Rejection";"Sim";1
"5648466";0.547604426813956;0.795079565099476;1;93;"Rejection";"Obs";1
"1465";0.686664022695398;0.200361283268285;5;94;"Rejection";"Sim";5
"5339840";0.74107337340695;0.0357240833499919;5;94;"Rejection";"Obs";5
"1466";0.689944523565586;0.191340353179337;4;94;"Rejection";"Sim";4
"5339839";0.74107337340695;0.0357240833499919;4;94;"Rejection";"Obs";4
"1467";0.691115663030783;0.188852500580891;3;94;"Rejection";"Sim";3
"5339838";0.74107337340695;0.0357240833499919;3;94;"Rejection";"Obs";3
"1468";0.693783239306105;0.180950747709235;2;94;"Rejection";"Sim";2
"5339837";0.74107337340695;0.0357240833499919;2;94;"Rejection";"Obs";2
"1469";0.706471472876082;0.144155826582201;1;94;"Rejection";"Sim";1
"5339836";0.74107337340695;0.0357240833499919;1;94;"Rejection";"Obs";1
"1470";0.607304704102392;0.65708809486622;5;95;"Rejection";"Sim";5
"1541405";0.616059069429476;0.649495561569157;5;95;"Rejection";"Obs";5
"1471";0.607380423905536;0.657186967227462;4;95;"Rejection";"Sim";4
"1541404";0.616059069429476;0.649495561569157;4;95;"Rejection";"Obs";4
"1472";0.611214009515466;0.652626026553394;3;95;"Rejection";"Sim";3
"1541403";0.616059069429476;0.649495561569157;3;95;"Rejection";"Obs";3
"1473";0.605138045753346;0.660521668257676;2;95;"Rejection";"Sim";2
"1541402";0.616059069429476;0.649495561569157;2;95;"Rejection";"Obs";2
"1474";0.60807361600511;0.657928017352348;1;95;"Rejection";"Sim";1
"1541401";0.616059069429476;0.649495561569157;1;95;"Rejection";"Obs";1
"1475";0.959865633893323;0.0847766238001595;5;96;"Rejection";"Sim";5
"6236975";0.950075281012945;0.112054293008761;5;96;"Rejection";"Obs";5
"1476";0.962077926198898;0.0810712796346039;4;96;"Rejection";"Sim";4
"6236974";0.950075281012945;0.112054293008761;4;96;"Rejection";"Obs";4
"1477";0.958192285517664;0.0885663777917021;3;96;"Rejection";"Sim";3
"6236973";0.950075281012945;0.112054293008761;3;96;"Rejection";"Obs";3
"1478";0.955665391457824;0.0918615121096674;2;96;"Rejection";"Sim";2
"6236972";0.950075281012945;0.112054293008761;2;96;"Rejection";"Obs";2
"1479";0.942906588037569;0.102692158244725;1;96;"Rejection";"Sim";1
"6236971";0.950075281012945;0.112054293008761;1;96;"Rejection";"Obs";1
"1480";0.812042160809456;0.652274430745428;5;97;"Rejection";"Sim";5
"299850";0.833813680038897;0.627789212602605;5;97;"Rejection";"Obs";5
"1481";0.825152359806168;0.64466867919357;4;97;"Rejection";"Sim";4
"299849";0.833813680038897;0.627789212602605;4;97;"Rejection";"Obs";4
"1482";0.807372042106816;0.65515889746614;3;97;"Rejection";"Sim";3
"299848";0.833813680038897;0.627789212602605;3;97;"Rejection";"Obs";3
"1483";0.857292431418098;0.61850628642158;2;97;"Rejection";"Sim";2
"299847";0.833813680038897;0.627789212602605;2;97;"Rejection";"Obs";2
"1484";0.838193041731906;0.63470832162197;1;97;"Rejection";"Sim";1
"299846";0.833813680038897;0.627789212602605;1;97;"Rejection";"Obs";1
"1485";0.75501733366977;0.531300633006391;5;98;"Rejection";"Sim";5
"1076850";0.742725704879089;0.535764431788585;5;98;"Rejection";"Obs";5
"1486";0.750979551343154;0.536565911113837;4;98;"Rejection";"Sim";4
"1076849";0.742725704879089;0.535764431788585;4;98;"Rejection";"Obs";4
"1487";0.758264169172721;0.529661858615123;3;98;"Rejection";"Sim";3
"1076848";0.742725704879089;0.535764431788585;3;98;"Rejection";"Obs";3
"1488";0.759452385126253;0.527080533429257;2;98;"Rejection";"Sim";2
"1076847";0.742725704879089;0.535764431788585;2;98;"Rejection";"Obs";2
"1489";0.749211904620605;0.539716683906134;1;98;"Rejection";"Sim";1
"1076846";0.742725704879089;0.535764431788585;1;98;"Rejection";"Obs";1
"1490";0.583602604901279;0.558830568397753;5;99;"Rejection";"Sim";5
"273305";0.582513129458955;0.560921946887484;5;99;"Rejection";"Obs";5
"1491";0.581001514960183;0.563759054057057;4;99;"Rejection";"Sim";4
"273304";0.582513129458955;0.560921946887484;4;99;"Rejection";"Obs";4
"1492";0.584949962998558;0.556401334324703;3;99;"Rejection";"Sim";3
"273303";0.582513129458955;0.560921946887484;3;99;"Rejection";"Obs";3
"1493";0.587796634374079;0.550357776761164;2;99;"Rejection";"Sim";2
"273302";0.582513129458955;0.560921946887484;2;99;"Rejection";"Obs";2
"1494";0.584171215996927;0.558307259411009;1;99;"Rejection";"Sim";1
"273301";0.582513129458955;0.560921946887484;1;99;"Rejection";"Obs";1
"1495";0.545135869701218;0.663367963284437;5;100;"Rejection";"Sim";5
"2503955";0.571454565349939;0.635394884503202;5;100;"Rejection";"Obs";5
"1496";0.545789136847089;0.66266148124406;4;100;"Rejection";"Sim";4
"2503954";0.571454565349939;0.635394884503202;4;100;"Rejection";"Obs";4
"1497";0.544871385292112;0.663465154758918;3;100;"Rejection";"Sim";3
"2503953";0.571454565349939;0.635394884503202;3;100;"Rejection";"Obs";3
"1498";0.551626255018536;0.653726524277716;2;100;"Rejection";"Sim";2
"2503952";0.571454565349939;0.635394884503202;2;100;"Rejection";"Obs";2
"1499";0.547253785461469;0.659847884406648;1;100;"Rejection";"Sim";1
"2503951";0.571454565349939;0.635394884503202;1;100;"Rejection";"Obs";1
